idx	cutoff_idx
0	[22, 20, 27, 42, 28]
1	[20, 59, 57, 34, 23, 33]
2	[7, 55, 5, 53, 52, 33]
3	[37, 46, 7, 41, 33]
4	[7, 18, 5, 20]
5	[25, 26, 27]
6	[9, 21, 22, 38, 20, 7]
7	[35, 8, 9, 32, 11]
8	[14, 9, 22, 7]
9	[6, 8, 38, 34, 36]
10	[35, 32, 15, 31]
11	[45, 48, 12, 38, 26]
12	[42, 16, 14, 20, 44]
13	[10, 47, 46, 40, 67, 44, 36]
14	[7, 42, 6, 15, 41, 52]
15	[16, 33, 30]
16	[6, 25, 11, 9]
17	[32, 17, 39, 35]
18	[30, 27, 25, 53, 22]
19	[40, 54, 42, 47, 58, 43]
20	[20, 5, 33]
21	[30, 13, 29]
22	[3, 4, 32, 1]
23	[29, 4, 13]
24	[14, 40, 46, 7, 11, 47]
25	[14, 41, 13, 42, 40, 15]
26	[19, 13, 3]
27	[7, 8, 9, 27]
28	[38, 40, 54, 56, 32, 9]
29	[10, 35, 49, 19, 44]
30	[49, 38, 27, 17, 51]
31	[36, 34, 10, 39]
32	[38, 28, 12, 25]
33	[2, 10, 32, 7]
34	[50, 52, 21, 23, 18]
35	[41, 54, 24, 53, 50, 20]
36	[26, 24, 18, 16, 45]
37	[12, 8, 57, 58, 22, 21]
38	[32, 14, 12, 36]
39	[5, 24, 4, 21, 26, 58]
40	[51, 43, 47, 21, 49]
41	[3, 13, 12]
42	[6, 11, 29]
43	[41, 19, 51, 46, 54, 7]
44	[21, 28, 30, 20, 62, 29]
45	[46, 21, 7, 33]
46	[13, 36, 37, 14, 12]
47	[70, 28, 19, 71, 32, 67, 75]
48	[29, 13, 12, 28]
49	[47, 20, 19, 23, 51]
50	[12, 35, 13, 18, 36]
51	[22, 39, 6, 4, 49, 12]
52	[46, 22, 44, 56, 58, 60]
53	[48, 65, 51, 33, 49, 60, 40]
54	[34, 37, 15, 12]
55	[19, 5, 16, 10, 44]
56	[10, 11, 1, 27]
57	[26, 31, 15]
58	[21, 24, 25]
59	[53, 24, 48, 19, 18, 15]
60	[36, 35, 3, 4]
61	[8, 25]
62	[7, 6, 50, 30, 17, 51]
63	[31, 14, 41, 13, 2, 40]
64	[16, 14, 22, 55, 20, 43]
65	[67, 22, 65, 53, 20, 59, 34]
66	[14, 30, 12, 4]
67	[27, 55, 60, 16, 49, 30]
68	[14, 56, 13, 36, 28, 15]
69	[39, 40, 63, 38, 65, 30, 28]
70	[15, 8, 16, 45, 11, 77, 56, 54]
71	[32, 48, 4, 23, 33]
72	[18, 42, 22, 21, 40]
73	[19, 22, 40, 9, 12]
74	[46, 29, 34, 44, 31]
75	[47, 46, 21, 20, 52, 18]
76	[9, 34, 19, 41]
77	[6, 5, 33, 8]
78	[8, 48, 25, 21, 7]
79	[33, 12, 15]
80	[13, 27, 15]
81	[9, 25, 7]
82	[22, 14, 24, 40, 43]
83	[10, 21, 22, 27]
84	[55, 26, 52, 23, 21]
85	[25, 56, 29, 46, 61, 30]
86	[27, 56, 58, 29, 21, 16]
87	[59, 28, 50, 41, 10, 61]
88	[3, 7, 12]
89	[1, 5, 30, 6]
90	[6, 7, 17, 28, 55]
91	[46, 16, 20, 15, 14]
92	[50, 19, 24, 23, 55, 12]
93	[19, 38, 18, 37]
94	[19, 48, 17, 7, 46]
95	[7, 5, 9, 32, 52]
96	[12, 10, 11]
97	[10, 41, 13, 9]
98	[7, 11, 2]
99	[5, 20, 21, 6, 29, 39]
100	[4, 11, 2, 7]
101	[12, 37, 16, 36]
102	[32, 35, 6, 34, 5]
103	[22, 6, 55, 53, 57, 24]
104	[44, 9, 4, 18, 46]
105	[35, 42, 49, 55, 52, 6]
106	[55, 19, 17, 43, 49, 48, 53]
107	[31, 13, 38, 18]
108	[15, 44, 14, 43, 18, 12]
109	[50, 32, 7, 51, 6]
110	[53, 36, 52, 54, 48]
111	[3, 34, 13, 4, 2, 33]
112	[6, 5, 14, 36, 15]
113	[20, 15, 19, 14, 43]
114	[14, 59, 57, 56, 17, 55, 29]
115	[16, 6, 24]
116	[28, 4, 19, 37]
117	[17, 43, 44, 16]
118	[1, 11, 7]
119	[12, 14, 11, 15, 40]
120	[19, 4, 11]
121	[9, 15, 35, 10, 47]
122	[13, 40, 41, 19, 22]
123	[47, 46, 45, 19, 44]
124	[1, 27, 19]
125	[12, 19, 20, 36]
126	[25, 49, 24, 19, 35]
127	[30, 40, 43, 42, 38]
128	[41, 12, 13, 40, 11, 42]
129	[4, 5, 9, 38, 15]
130	[15, 34, 38, 36]
131	[55, 23, 20, 48, 19, 46]
132	[5, 12, 10, 37]
133	[16, 9, 40, 44, 42]
134	[12, 34, 6, 36]
135	[6, 5, 46, 7, 18]
136	[15, 8, 21, 22]
137	[30, 23, 2, 57, 24, 36]
138	[11, 43, 42, 5, 44, 13]
139	[17, 64, 48, 10, 50, 57, 58]
140	[3, 38, 10, 2, 5, 18]
141	[23, 42, 40, 16]
142	[13, 2, 26, 15]
143	[36, 46, 44, 43, 37]
144	[50, 46, 49, 8, 32]
145	[17, 40, 43, 18, 5]
146	[33, 24, 23, 48, 11]
147	[26, 2, 31]
148	[12, 49, 39, 18, 29]
149	[52, 54, 36, 25, 37, 21]
150	[48, 49, 21, 20, 11]
151	[20, 47, 21, 22, 48]
152	[36, 10, 34, 16, 6]
153	[26, 32, 8, 20]
154	[74, 36, 46, 2, 6, 67, 45]
155	[20, 27, 5]
156	[13, 1, 50, 8, 31]
157	[55, 46, 53, 5, 41]
158	[10, 20, 11, 8, 27, 12]
159	[33, 41, 7, 49, 12, 9]
160	[17, 33, 20]
161	[32, 29, 25]
162	[38, 7, 55, 27, 39, 28]
163	[30, 4, 12, 9]
164	[30, 5, 10, 14, 3]
165	[22, 52, 44, 20, 26, 47]
166	[16, 19, 27, 46]
167	[20, 57, 64, 67, 56, 68, 45]
168	[18, 45, 17, 53, 44]
169	[9, 18, 38, 42, 51, 20]
170	[18, 9, 19, 37, 39]
171	[23, 31, 3, 38, 51]
172	[42, 19, 15, 59, 58, 12]
173	[41, 32, 36, 28]
174	[25, 3, 24, 1]
175	[33, 4, 25, 10]
176	[1, 18, 7]
177	[7, 8, 3, 42, 13, 41]
178	[51, 2, 53, 31, 58, 54]
179	[48, 18, 47, 49, 21]
180	[25, 53, 13, 36, 9]
181	[26, 50, 31, 4, 51]
182	[25, 60, 42, 24, 59, 7]
183	[6, 23, 21]
184	[45, 16, 22, 19, 53, 55]
185	[12, 14, 35, 24]
186	[2, 11, 41, 14, 38]
187	[45, 42, 21, 52, 41]
188	[21, 18, 17, 12]
189	[5, 7, 37, 40, 9]
190	[8, 35, 34, 10, 12, 5]
191	[7, 8, 14]
192	[17, 39, 16, 38]
193	[39, 33, 48, 41, 35]
194	[45, 15, 20, 54, 6]
195	[48, 45, 12, 31, 2]
196	[18, 26, 20, 17, 10, 51]
197	[12, 29, 48, 52, 54, 27]
198	[22, 52, 51, 19, 21]
199	[30, 28, 1]
200	[3, 27, 9, 5]
201	[17, 33, 5]
202	[12, 11, 13]
203	[7, 29, 40, 12]
204	[6, 37, 11, 39, 5]
205	[20, 8, 23]
206	[31, 2, 9, 25]
207	[54, 23, 57, 41, 26, 25]
208	[15, 36, 16, 37]
209	[9, 32, 8, 15]
210	[21, 36, 28, 23]
211	[12, 13, 33, 59, 32, 27]
212	[7, 51, 24, 26, 40]
213	[58, 30, 25, 53, 13, 60]
214	[53, 57, 20, 18, 19, 11]
215	[23, 26]
216	[5, 8, 32]
217	[15, 13, 23, 38]
218	[32, 3, 19, 31, 17, 51]
219	[4, 28, 36, 2, 60, 3]
220	[55, 24, 53, 18, 54, 26]
221	[22, 21, 57, 58, 54, 25]
222	[11, 8, 32, 33, 28]
223	[5, 4, 27, 23]
224	[14, 28, 9]
225	[29, 23, 53, 24, 52]
226	[16, 22, 48, 20, 26, 14]
227	[11, 45, 20, 40, 49]
228	[18, 16, 36]
229	[12, 35, 10, 11]
230	[53, 50, 32, 19, 18, 51]
231	[55, 13, 12, 41, 9, 28]
232	[33, 27, 10]
233	[44, 42, 41, 14, 12, 45]
234	[8, 34, 5, 41, 10]
235	[43, 9, 36, 44, 42, 40]
236	[14, 15, 48, 2, 49, 13]
237	[50, 19, 20, 14, 49]
238	[5, 38, 39, 46, 40, 44]
239	[18, 1, 48, 46, 16, 22]
240	[32, 63, 33, 31, 64, 27, 28]
241	[7, 23, 22, 3]
242	[6, 35, 46, 13, 44]
243	[15, 7, 45, 19, 31]
244	[26, 24, 39, 21, 50]
245	[13, 23, 52, 47, 44]
246	[48, 38, 34, 50, 2]
247	[38, 29, 36, 20]
248	[2, 16, 22]
249	[20, 16, 28, 59, 22, 53]
250	[58, 23, 66, 47, 59, 12, 13]
251	[61, 23, 27, 17, 31, 21]
252	[34, 11, 9]
253	[3, 2, 23]
254	[41, 12, 35, 8, 36, 54]
255	[4, 9, 34, 29]
256	[2, 39, 3, 11]
257	[2, 12]
258	[34, 32, 35]
259	[23, 22, 42, 41]
260	[11, 40, 30, 39, 10]
261	[5, 26, 20, 49, 19]
262	[35, 42, 16, 39, 8]
263	[17, 58, 39, 6, 37, 16]
264	[9, 8, 11]
265	[37, 39, 46, 32, 35, 47]
266	[25, 43, 29, 13, 23, 31]
267	[30, 29, 6]
268	[18, 4, 7]
269	[52, 17, 53, 54, 48, 49, 19]
270	[9, 5, 2]
271	[6, 22, 5]
272	[43, 44, 53, 54, 16]
273	[5, 29, 28, 24]
274	[13, 56, 46, 37, 23, 4]
275	[52, 22, 25, 11, 55]
276	[35, 15, 17, 26]
277	[4, 5, 17, 51, 14, 48]
278	[25, 34, 36, 38]
279	[32, 27, 26, 10]
280	[50, 23, 49, 22, 11]
281	[18, 51, 50, 17, 47, 20]
282	[11, 25, 28]
283	[35, 36, 11, 9]
284	[42, 19, 10, 4]
285	[9, 40, 8, 39, 34, 3]
286	[16, 43, 36, 18]
287	[43, 15, 32, 22, 49]
288	[17, 49, 50, 51, 18, 48]
289	[24, 58, 63, 43, 31, 50]
290	[21, 17, 7, 55, 18, 56]
291	[42, 16, 41, 44, 43]
292	[43, 7, 58, 46, 31, 52]
293	[35, 43, 36, 39]
294	[22, 44, 33, 17]
295	[20, 10, 1, 2]
296	[43, 16, 13, 42, 44, 47, 12]
297	[14, 15, 9]
298	[40, 11, 16, 15, 17]
299	[45, 47, 11, 15, 49, 51, 13]
300	[1, 12, 15]
301	[49, 4, 17, 8, 19]
302	[28, 35, 2]
303	[25, 2, 5]
304	[22, 23, 35, 13]
305	[11, 57, 12, 56, 58, 19, 64]
306	[15, 22, 13, 12, 10, 31]
307	[8, 37, 3, 23]
308	[7, 58, 26, 27, 66, 23, 29]
309	[6, 23, 1]
310	[2, 31, 32, 34, 50]
311	[8, 36, 9, 12]
312	[31, 10, 13]
313	[20, 23, 19, 7]
314	[42, 12, 23, 24, 11, 64, 43]
315	[48, 19, 18, 49, 17, 10]
316	[42, 11, 43, 12]
317	[28, 8, 33, 66, 9, 30, 41]
318	[8, 10, 13]
319	[55, 25, 18, 9, 64, 67, 76, 22]
320	[9, 36, 29, 13]
321	[29, 3, 26, 4]
322	[4, 5, 14, 13]
323	[26, 27, 5, 28]
324	[45, 33, 37, 36, 15]
325	[40, 13, 41, 8, 14]
326	[14, 13, 35, 12, 19]
327	[64, 69, 3, 48, 71, 62, 39]
328	[7, 23, 22, 15, 32]
329	[3, 13, 36, 30]
330	[43, 14, 22, 52, 10, 23]
331	[7, 11, 12, 35, 6]
332	[26, 21, 3, 28, 48, 25]
333	[28, 18, 34]
334	[7, 9, 8]
335	[34, 31, 8]
336	[8, 41, 19, 7]
337	[15, 16, 38, 39]
338	[28, 7, 9]
339	[17, 18, 14, 3, 21]
340	[7, 10, 9, 6, 8, 3, 65]
341	[40, 49, 20, 39, 27]
342	[12, 47, 46, 14, 45, 11]
343	[8, 44, 29, 50, 14, 40]
344	[45, 36, 22, 23]
345	[25, 12, 49, 48, 31]
346	[11, 12, 32]
347	[18, 19, 17, 21]
348	[53, 55, 24, 22, 31]
349	[3, 4, 24, 25]
350	[4, 21, 11]
351	[34, 16, 17, 36]
352	[17, 16, 52, 51, 61, 24, 20]
353	[17, 36, 24, 16]
354	[15, 14, 16, 13]
355	[10, 30, 8, 29, 7]
356	[40, 12, 45, 60, 7, 55, 42]
357	[42, 9, 17, 27, 28]
358	[22, 26, 37, 28, 8]
359	[14, 12, 27]
360	[38, 43, 10, 39, 37]
361	[28, 5, 22, 25]
362	[12, 10, 2]
363	[41, 16, 14, 48, 12, 50]
364	[63, 65, 56, 67, 13, 57, 30]
365	[46, 51, 48, 44, 9, 22]
366	[23, 19, 45, 13, 54]
367	[38, 65, 27, 29, 36, 64, 46]
368	[25, 9, 24, 31]
369	[4, 31, 7, 3]
370	[18, 9, 26, 27, 51]
371	[11, 20, 39, 16, 48]
372	[8, 6, 34, 4]
373	[15, 37, 11, 7, 52, 38]
374	[30, 13, 12]
375	[18, 36, 16, 49, 15]
376	[8, 11, 7]
377	[5, 18, 26, 16]
378	[78, 49, 12, 82, 53, 86, 39, 59]
379	[22, 41, 55, 35, 23, 57]
380	[39, 8, 18, 37, 42]
381	[29, 8, 5, 18]
382	[65, 33, 27, 66, 26, 4, 34]
383	[58, 64, 65, 63, 21, 13]
384	[33, 36, 34, 32]
385	[27, 37, 12, 1, 34]
386	[42, 6, 50, 9, 14]
387	[7, 23, 29]
388	[53, 60, 58, 8, 57, 33]
389	[64, 28, 63, 29, 65, 30]
390	[1, 22, 32, 40]
391	[30, 19, 31]
392	[47, 4, 29, 48, 56, 3]
393	[13, 14, 7, 15]
394	[36, 17, 4, 16]
395	[26, 60, 20, 23, 42, 21, 19]
396	[8, 15, 19, 12]
397	[27, 28, 26, 12]
398	[63, 59, 30, 49, 44, 33, 66]
399	[47, 22, 8, 13, 44, 55, 39]
400	[41, 15, 3, 44, 40, 53, 6]
401	[9, 2]
402	[10, 11, 15, 40]
403	[8, 17, 49, 15, 25, 52]
404	[14, 21, 16, 20, 3, 1]
405	[20, 49, 17, 46, 48]
406	[4, 13, 36, 9, 29]
407	[16, 65, 53, 22, 18, 33, 44]
408	[46, 18, 21, 38, 6]
409	[57, 32, 53, 55, 59, 30]
410	[29, 28, 36, 24]
411	[17, 10, 11, 16, 14]
412	[35, 15, 21, 59, 22, 55]
413	[47, 46, 36, 9, 32]
414	[14, 17, 16, 42, 36, 47]
415	[44, 27, 11, 13, 4, 50]
416	[20, 33, 11, 18]
417	[41, 10, 52, 45, 53]
418	[9, 44, 46, 11, 12, 47]
419	[17, 46, 15, 44, 14]
420	[17, 49, 15, 16, 19, 48]
421	[17, 21, 7, 12]
422	[17, 37, 18, 16]
423	[45, 48, 47, 14, 53]
424	[54, 23, 56, 46, 25]
425	[40, 62, 63, 44, 43, 15]
426	[17, 16, 18, 11]
427	[28, 32, 6, 30]
428	[10, 35, 41, 9]
429	[6, 8, 1]
430	[7, 20, 9, 30]
431	[61, 7, 62, 8, 10, 64]
432	[9, 42, 43, 10, 8, 2]
433	[23, 3]
434	[28, 23, 4]
435	[34, 33, 35]
436	[29, 64, 21, 57, 23, 22]
437	[11, 37, 19, 42, 46]
438	[22, 23, 3]
439	[43, 19, 14, 38, 30]
440	[16, 42, 22, 49, 9]
441	[15, 21, 46, 13, 22, 19]
442	[29, 27, 25, 32, 5]
443	[11, 19, 38, 16]
444	[33, 34, 38, 28, 39]
445	[36, 17, 14, 13]
446	[20, 3, 7, 22]
447	[11, 52, 41, 40, 53, 8]
448	[13, 46, 30, 16, 9]
449	[10, 8, 9, 36]
450	[19, 17, 25]
451	[8, 3, 1]
452	[18, 47, 49, 20, 5]
453	[16, 39, 35, 40]
454	[46, 47, 35, 44, 17, 58]
455	[11, 37, 13, 32, 10]
456	[47, 39, 18, 35, 45, 49]
457	[11, 10, 12, 43, 44, 13]
458	[22, 28, 11, 38, 31]
459	[4, 7, 5, 6]
460	[7, 6, 3, 35]
461	[48, 52, 16, 53, 24, 26]
462	[39, 40, 5, 18, 43]
463	[23, 33, 9, 20, 3]
464	[34, 10, 15, 28]
465	[16, 15, 45, 12]
466	[21, 52, 47, 7, 16, 53]
467	[11, 10, 39, 12, 46, 33]
468	[16, 14, 38, 18]
469	[36, 16, 3, 28]
470	[44, 11, 32, 43, 33, 18]
471	[26, 4, 6, 15]
472	[12, 11, 19, 21, 26, 18]
473	[44, 27, 19, 26, 37, 53]
474	[4, 18, 56, 28, 66, 29, 37]
475	[12, 9, 8, 16]
476	[39, 40, 37, 2, 7]
477	[26, 4, 7, 27]
478	[44, 53, 46, 40, 19]
479	[27, 55, 59, 33, 68, 66, 67]
480	[27, 8, 6]
481	[19, 14, 15]
482	[44, 39, 35, 17, 37, 34]
483	[3, 17, 27, 4, 41]
484	[47, 45, 12, 44, 33]
485	[4, 3, 2, 14]
486	[12, 61, 16, 62, 9, 13]
487	[8, 25, 5, 10]
488	[50, 43, 41, 20, 48]
489	[13, 10, 14, 7]
490	[39, 17, 13, 43]
491	[12, 19, 54, 26, 6]
492	[46, 34, 42, 35, 9]
493	[11, 33, 7, 43]
494	[16, 26, 17, 51, 5]
495	[52, 47, 54, 6, 18, 16]
496	[8, 15, 28, 9]
497	[11, 45, 13, 40, 43, 8]
498	[9, 7, 10, 34]
499	[8, 5, 10]
500	[64, 29, 58, 63, 28, 38]
501	[22, 13, 49, 16, 58, 11]
502	[17, 38, 34, 10]
503	[32, 9, 21]
504	[12, 47, 20, 1, 43, 23]
505	[26, 27, 23]
506	[34, 35, 33, 16]
507	[6, 5, 38, 8]
508	[39, 38, 51, 7, 41]
509	[15, 9, 44, 16, 14, 45]
510	[40, 18, 49, 7, 22]
511	[11, 34, 5, 40]
512	[21, 22, 40, 37, 41]
513	[33, 38, 11, 39]
514	[23, 15]
515	[20, 21, 22]
516	[38, 8, 32, 37, 7]
517	[32, 16, 37, 31]
518	[23, 10, 9]
519	[21, 25, 57, 9, 16, 40]
520	[15, 3, 35, 23]
521	[57, 3, 30, 6, 7, 56]
522	[36, 48, 18, 37, 19]
523	[33, 15, 14, 35, 34]
524	[3, 34, 1, 17, 46]
525	[8, 4, 24, 9]
526	[57, 55, 63, 17, 25, 65, 23]
527	[26, 42, 5, 23]
528	[33, 16, 31]
529	[17, 47, 18, 25, 32]
530	[22, 4, 2, 1]
531	[23, 24, 16]
532	[5, 40, 39, 44, 6]
533	[10, 40, 41, 39, 37]
534	[35, 75, 30, 34, 70, 28, 68]
535	[53, 19, 63, 29, 47, 50]
536	[42, 19, 5, 39]
537	[7, 3, 53, 48, 40]
538	[12, 11, 28]
539	[21, 55, 57, 38, 23, 18]
540	[72, 50, 65, 23, 7, 64, 19, 8]
541	[3, 16, 63, 30, 51, 40]
542	[42, 32, 33, 34]
543	[29, 10, 8]
544	[4, 43, 8, 13]
545	[68, 24, 63, 61, 57, 64, 58]
546	[30, 26, 14, 11]
547	[17, 33, 40, 16]
548	[42, 41, 33, 4, 22, 63, 37]
549	[8, 37, 59, 56, 58, 43]
550	[39, 40, 29, 37]
551	[21, 31, 35, 8, 46]
552	[4, 38, 42, 34]
553	[18, 19, 8]
554	[31, 30, 34, 10]
555	[48, 41, 17, 22, 44, 15]
556	[20, 41, 40, 46, 16]
557	[58, 59, 14, 7, 45, 9]
558	[15, 12, 45, 50, 21, 44]
559	[25, 4, 26]
560	[16, 53, 23, 55, 25]
561	[8, 52, 22, 35, 48]
562	[7, 4, 27]
563	[7, 13, 11]
564	[24, 25, 12, 38, 35]
565	[11, 42, 27, 40, 5]
566	[34, 27, 6, 30, 28]
567	[30, 4, 18]
568	[11, 26, 10]
569	[28, 40, 32, 52, 19]
570	[2, 3, 10, 4]
571	[51, 53, 50, 26, 49]
572	[29, 27, 46, 9, 18, 10]
573	[19, 58, 16, 13, 8, 35]
574	[26, 63, 58, 25, 62, 23, 60]
575	[8, 9, 31, 26]
576	[14, 13, 44, 17]
577	[14, 12, 7, 9]
578	[67, 30, 29, 66, 68, 5, 65]
579	[6, 8, 33, 4, 7, 35]
580	[2, 35, 14, 15]
581	[26, 44, 33, 16]
582	[18, 17, 16, 41]
583	[25, 1, 19, 34]
584	[38, 37, 5, 39, 6, 47]
585	[43, 25, 30, 19]
586	[15, 16, 19, 54, 55, 12, 51]
587	[17, 9, 12, 19]
588	[20, 21, 7]
589	[44, 13, 8, 43, 10, 12]
590	[33, 40, 29, 38]
591	[17, 2, 3, 38, 19]
592	[14, 52, 18, 34, 48, 33]
593	[12, 42, 8, 33, 9]
594	[6, 35, 13, 42, 37]
595	[24, 25, 22]
596	[41, 51, 18, 44, 54, 50]
597	[37, 38, 17, 36]
598	[45, 12, 44, 46, 13]
599	[46, 62, 31, 52, 66, 45]
600	[16, 17, 13, 15]
601	[12, 11, 13, 10]
602	[6, 23]
603	[14, 38, 43, 4, 32]
604	[4, 29, 26, 9]
605	[9, 18, 8, 20]
606	[4, 2, 16, 8]
607	[34, 14, 28]
608	[57, 33, 17, 27, 35, 46]
609	[29, 13, 14, 53, 22, 28, 62]
610	[23, 56, 20, 21, 24, 53]
611	[26, 25, 10, 23, 24, 50]
612	[19, 49, 34, 9, 10]
613	[46, 48, 45, 20, 22]
614	[53, 52, 54, 18, 17, 19]
615	[24, 18, 21]
616	[50, 21, 51, 20, 54]
617	[7, 32, 14, 22, 19, 23]
618	[29, 13, 22]
619	[45, 46, 22, 11, 48]
620	[6, 33, 48, 11, 43]
621	[8, 9, 44, 31, 60, 19]
622	[38, 56, 48, 44, 39, 37]
623	[5, 7, 6, 2]
624	[47, 8, 34, 3, 49, 58]
625	[15, 46, 22, 23]
626	[17, 16, 13, 42, 18, 11]
627	[54, 53, 26, 20, 39, 5]
628	[16, 47, 28, 60, 49, 22]
629	[42, 4, 58, 23, 12, 3, 41]
630	[19, 17, 41, 20, 35]
631	[12, 11, 31]
632	[23, 53, 51, 41, 10]
633	[36, 38, 9, 35]
634	[24, 53, 52, 23, 10, 11]
635	[42, 46, 20, 41, 17, 51, 13]
636	[9, 19, 20, 24, 7]
637	[23, 43, 32, 22]
638	[51, 23, 19, 18, 1]
639	[23, 6, 46, 10, 35]
640	[14, 40, 43, 44, 8]
641	[26, 25, 5, 4]
642	[4, 3, 7, 6, 14]
643	[23, 20, 12, 18, 37]
644	[8, 6, 27, 12]
645	[51, 45, 59, 15, 57, 21]
646	[2, 5, 37, 41, 40, 53]
647	[14, 33, 34]
648	[16, 21, 17, 43]
649	[19, 41, 16, 12]
650	[16, 29, 8, 24]
651	[13, 11, 15, 16, 49, 51, 47]
652	[28, 24, 6]
653	[8, 10, 38, 12]
654	[13, 29, 26]
655	[1, 26, 42, 27, 2]
656	[2, 18, 22]
657	[12, 30, 15, 40]
658	[23, 22, 29, 14, 30, 31]
659	[36, 9, 10, 35]
660	[25, 17, 43, 42, 14]
661	[16, 25, 23, 5]
662	[44, 49, 18, 10, 13]
663	[15, 42, 20, 14, 11]
664	[57, 39, 46, 12, 40, 29]
665	[9, 37, 41, 12]
666	[1, 14, 21, 10]
667	[9, 10, 8, 15]
668	[3, 12, 1]
669	[4, 6, 26, 5]
670	[12, 33, 32]
671	[9, 42, 8, 41, 60, 59]
672	[54, 9, 48, 20, 28, 62]
673	[43, 51, 12, 15, 46, 24]
674	[21, 47, 46, 20, 4]
675	[63, 64, 24, 34, 12, 40]
676	[52, 51, 23, 22, 50]
677	[7, 37, 5, 53, 3]
678	[33, 3, 35, 34, 12]
679	[4, 44, 43, 3, 42, 18, 2]
680	[28, 10, 32]
681	[13, 11, 42, 44, 15]
682	[43, 15, 3, 11, 48, 16]
683	[20, 21, 41, 3]
684	[36, 48, 2, 30, 14, 51]
685	[47, 45, 51, 20, 52]
686	[18, 32, 3, 14, 44]
687	[13, 48, 17, 24, 43]
688	[21, 14, 22, 20, 39]
689	[10, 5, 23]
690	[47, 45, 10, 8, 43]
691	[62, 63, 75, 65, 60, 37, 54]
692	[44, 47, 10, 14, 4, 39]
693	[17, 27, 18]
694	[27, 25, 10]
695	[27, 34, 26, 2]
696	[40, 38, 21, 12, 48]
697	[40, 52, 25, 13, 16, 5]
698	[25, 28, 35, 26]
699	[36, 17, 10, 39, 38]
700	[21, 51, 48, 16, 49, 57]
701	[52, 22, 28, 43, 53, 42]
702	[11, 10, 13]
703	[33, 7, 17, 32, 16]
704	[16, 1, 29]
705	[4, 5, 39, 38, 29, 50]
706	[10, 33, 12, 13]
707	[9, 8, 37, 6, 15]
708	[61, 28, 27, 23, 64, 60, 42]
709	[22, 23, 62, 50, 36, 11]
710	[4, 19]
711	[43, 4, 5, 33]
712	[52, 15, 48, 16, 47]
713	[37, 19, 20, 36, 18, 14, 27]
714	[12, 47, 17, 34, 7]
715	[64, 29, 54, 65, 17, 32]
716	[11, 24, 10]
717	[13, 36, 33, 4]
718	[17, 69, 25, 12, 67, 23, 53]
719	[6, 7, 5, 14, 15]
720	[8, 7, 23]
721	[48, 12, 54, 38, 2, 51]
722	[18, 19, 9, 16]
723	[13, 46, 38, 5, 11]
724	[32, 19, 35]
725	[42, 9, 2, 10, 41]
726	[53, 13, 15, 55, 49, 46]
727	[17, 45, 18, 16]
728	[61, 60, 44, 52, 11, 18]
729	[44, 24, 27, 45, 40]
730	[12, 14, 18, 46, 22, 44]
731	[36, 23, 34, 21, 47]
732	[35, 27, 28, 5]
733	[36, 15, 16, 37]
734	[40, 4, 53, 21, 2, 22]
735	[41, 43, 47, 9, 14, 48, 11]
736	[41, 43, 21, 40]
737	[17, 33, 16]
738	[12, 11, 21, 18, 24]
739	[6, 7, 1, 26]
740	[43, 9, 42, 11, 44, 10]
741	[17, 38, 8, 6, 11, 50]
742	[17, 11]
743	[33, 15, 7, 17]
744	[33, 6, 13]
745	[14, 4, 42, 11, 39]
746	[56, 9, 55, 45, 46, 20]
747	[15, 16, 46, 45, 9]
748	[21, 53, 56, 24, 54, 22]
749	[18, 19]
750	[5, 33, 2, 1]
751	[11, 33, 28, 17]
752	[29, 14, 21, 13]
753	[2, 12, 6]
754	[32, 33, 7, 9, 6]
755	[53, 32, 20, 51, 52]
756	[17, 9, 32, 37]
757	[47, 49, 19, 20, 57, 58]
758	[38, 35, 37, 34]
759	[23, 15, 54, 24, 5, 44]
760	[14, 11, 13, 36]
761	[7, 18]
762	[71, 13, 70, 29, 55, 57, 40]
763	[15, 17, 32, 9, 12]
764	[22, 23, 9, 46, 15]
765	[39, 24, 9, 48, 13]
766	[34, 10, 29, 22]
767	[56, 8, 18, 20, 46, 19, 57]
768	[25, 24, 8, 7]
769	[16, 38, 44, 43, 37]
770	[4, 12, 39, 31, 13]
771	[37, 15, 8, 29]
772	[28, 26, 3, 42]
773	[20, 18, 21, 12, 42]
774	[46, 50, 18, 41, 6]
775	[57, 7, 54, 22, 19, 23]
776	[5, 42, 4, 44, 39]
777	[14, 53, 48, 12, 60, 16, 26]
778	[48, 26, 19, 52, 59, 25]
779	[18, 64, 20, 52, 8, 12]
780	[39, 42, 19, 17, 45]
781	[8, 14, 4, 10]
782	[2, 21, 3, 47, 1]
783	[6, 5, 24, 23]
784	[5, 4, 48, 39, 9, 10]
785	[23, 39, 4, 30]
786	[10, 19, 16, 53, 57, 50]
787	[2, 28, 33, 6, 26]
788	[7, 5, 6, 9, 8, 41]
789	[34, 10, 37, 12]
790	[49, 29, 12, 48, 47, 2]
791	[24, 8, 31, 34]
792	[6, 24, 17, 12, 13, 53]
793	[25, 56, 22, 17, 48, 41]
794	[68, 76, 18, 21, 65, 78, 67, 20, 64]
795	[9, 25, 4, 12]
796	[7, 35, 8]
797	[53, 52, 56, 22, 47]
798	[14, 49, 67, 66, 16, 48, 63]
799	[39, 58, 41, 42, 59, 38]
800	[49, 52, 50, 15, 16, 27]
801	[9, 10, 18, 14]
802	[57, 41, 5, 27, 39, 55]
803	[24, 41, 5, 42]
804	[44, 46, 10, 51, 54, 53]
805	[59, 56, 35, 5, 46, 17]
806	[18, 27, 24]
807	[5, 12, 9, 27]
808	[61, 26, 56, 31, 21, 30]
809	[9, 20, 21, 34, 24]
810	[13, 37, 6, 46, 3]
811	[18, 20, 35, 43]
812	[48, 28, 50, 59, 18, 27]
813	[33, 35, 4, 56, 52, 7]
814	[58, 63, 26, 54, 21, 19, 17]
815	[53, 43, 22, 48, 4, 6]
816	[18, 26, 22, 28]
817	[15, 2, 12, 45, 6]
818	[6, 10, 35, 40, 41]
819	[54, 45, 17, 6, 41, 2]
820	[5, 34, 33, 50, 47]
821	[9, 29, 3]
822	[41, 43, 10, 42, 35, 37]
823	[54, 52, 22, 42, 8, 24]
824	[4, 6, 33, 7]
825	[15, 43, 12, 18, 19, 41]
826	[57, 14, 58, 15, 55, 9, 45]
827	[14, 15, 16, 30]
828	[46, 18, 48, 53, 17]
829	[25, 5, 28]
830	[7, 3, 9, 29]
831	[27, 3, 24]
832	[8, 37, 28, 40]
833	[14, 44, 13, 45, 21]
834	[37, 36, 35, 15]
835	[49, 19, 84, 58, 66, 83, 35, 28]
836	[19, 33, 14, 28, 2]
837	[52, 23, 24, 15, 35]
838	[52, 53, 60, 16, 31, 32]
839	[23, 21, 19, 62, 17, 25]
840	[2, 3, 25, 64, 52, 18]
841	[19, 31, 29, 40]
842	[57, 6, 55, 5, 56, 25, 60]
843	[13, 55, 14, 12, 15, 7]
844	[19, 20]
845	[26, 10, 27, 12, 7, 55, 9]
846	[17, 22, 18, 52, 24, 40]
847	[19, 33, 9, 29]
848	[3, 22, 33, 13, 42]
849	[8, 39, 43, 7, 38, 26]
850	[10, 11]
851	[7, 11]
852	[40, 36, 39, 2]
853	[1, 3, 32, 2]
854	[17, 15, 14, 8]
855	[12, 47, 46, 19, 48, 13]
856	[12, 18, 14, 51, 7, 19]
857	[42, 41, 9, 10, 37, 65, 43]
858	[57, 17, 18, 58, 59, 43, 2]
859	[13, 19, 26, 6, 25]
860	[28, 30, 24, 16, 52, 33]
861	[17, 14, 16]
862	[25, 3, 35, 5]
863	[39, 21, 26, 34, 2]
864	[46, 47, 21, 20, 22]
865	[9, 1]
866	[39, 11, 9, 18, 51, 49]
867	[29, 35, 8, 14]
868	[42, 7, 29, 43, 8, 9]
869	[4, 6, 29, 19, 26]
870	[15, 16, 14, 36]
871	[39, 29, 36, 28]
872	[58, 56, 25, 12, 57, 23]
873	[18, 21, 20, 4]
874	[22, 37, 33, 35]
875	[11, 33, 34, 3]
876	[10, 9, 34, 35, 36]
877	[26, 59, 25, 34, 22, 2]
878	[2, 1, 3, 30]
879	[11, 12, 19, 3, 44]
880	[43, 61, 52, 38, 36, 45]
881	[18, 47, 17, 48, 13, 43]
882	[16, 27, 51, 58, 8, 43]
883	[4, 38, 48, 22, 3, 17]
884	[24, 12, 22, 16, 19]
885	[30, 40, 34, 32]
886	[11, 10, 16, 48, 70, 53, 33]
887	[5, 11, 31, 30, 44]
888	[27, 10, 9]
889	[15, 6, 5]
890	[2, 1, 37, 5]
891	[3, 7, 2]
892	[55, 52, 13, 12, 45, 17, 16]
893	[2, 3, 24]
894	[41, 16, 12, 36]
895	[35, 37, 32, 40, 2]
896	[31, 7, 42, 44]
897	[63, 66, 69, 27, 64, 26, 61]
898	[44, 29, 63, 17, 57, 35, 24]
899	[58, 52, 59, 57, 46, 42]
900	[63, 18, 19, 53, 55, 16]
901	[3, 12, 17, 16, 48]
902	[18, 28, 9, 34]
903	[42, 39, 40, 15]
904	[8, 42, 40, 7, 14, 9, 39]
905	[58, 64, 21, 44, 70, 15, 17]
906	[40, 12, 29, 69, 46, 6, 50]
907	[1, 2, 34, 53, 51, 37]
908	[25, 39, 5, 47, 38, 9]
909	[46, 13, 42, 48, 14]
910	[4, 28, 3]
911	[56, 11, 60, 15, 54, 61, 62, 52]
912	[14, 34, 15, 12]
913	[20, 37, 42, 7]
914	[37, 8, 9, 34, 33]
915	[36, 5, 15]
916	[37, 4, 38, 20, 5]
917	[48, 52, 50, 15, 57, 13]
918	[39, 8, 11, 36]
919	[49, 50, 28, 43, 41, 17]
920	[73, 33, 50, 15, 34, 55, 52]
921	[10, 11, 29]
922	[10, 24, 22]
923	[40, 3, 9, 4, 2, 38]
924	[60, 22, 50, 45, 62, 24, 27]
925	[35, 32, 38, 43]
926	[30, 28, 11]
927	[5, 41, 33, 42]
928	[39, 14, 37, 26]
929	[15, 7, 14, 12, 8, 45]
930	[51, 54, 16, 46, 27, 25, 1]
931	[63, 31, 42, 24, 37, 2]
932	[38, 35, 39, 17, 48]
933	[25, 17, 4, 46]
934	[32, 31, 15, 9, 40]
935	[4, 5, 21]
936	[39, 84, 34, 78, 73, 45, 11, 30, 31]
937	[47, 56, 49, 15, 46, 20]
938	[3, 5, 22]
939	[1, 26, 6, 31]
940	[26, 7, 27]
941	[23, 4, 5, 2]
942	[3, 6, 61, 4, 29, 7]
943	[19, 54, 11, 13, 47, 21, 56]
944	[7, 18, 34, 15, 42]
945	[40, 37, 39, 36, 8, 6, 5]
946	[27, 43, 33, 34, 32, 51]
947	[13, 33, 23, 34, 24]
948	[44, 42, 49, 43, 46, 48, 65]
949	[12, 13, 31, 32]
950	[54, 20, 53, 21, 40, 61]
951	[10, 11, 5, 15, 18]
952	[32, 9, 12]
953	[11, 23]
954	[25, 47, 5, 22, 3]
955	[13, 7, 11, 30]
956	[16, 4, 27, 47, 49, 15]
957	[6, 5, 15, 7]
958	[4, 12]
959	[44, 40, 43, 25, 38, 42, 30]
960	[11, 22]
961	[27, 49, 47, 15, 50]
962	[37, 28, 9, 21]
963	[15, 29, 12]
964	[56, 24, 15, 17, 25, 66, 76, 18]
965	[18, 2, 24, 25]
966	[27, 4, 47, 42, 9]
967	[21, 48, 46, 19, 41]
968	[41, 10, 16, 44]
969	[16, 7, 19, 51, 17, 15]
970	[52, 23, 4, 49, 51]
971	[4, 25, 14]
972	[45, 17, 12, 46, 18]
973	[60, 22, 49, 39, 8, 4]
974	[49, 10, 50, 44, 43, 48]
975	[12, 31, 2]
976	[44, 8, 41, 46, 16, 27]
977	[12, 19, 2, 37, 26, 51]
978	[44, 40, 42, 53, 65, 14]
979	[7, 8, 33, 32, 46]
980	[13, 29, 6, 34]
981	[6, 11, 1, 3, 5]
982	[4, 5, 28, 52, 49, 13]
983	[21, 20, 57, 56, 60, 47]
984	[73, 75, 26, 61, 34, 24, 47, 68]
985	[60, 53, 17, 48, 39, 55]
986	[29, 1, 28, 30]
987	[41, 17, 51, 44, 43, 11]
988	[10, 9, 11]
989	[6, 11, 13, 4, 10]
990	[21, 20, 40, 49, 26, 43]
991	[14, 5, 4, 3]
992	[55, 60, 75, 10, 74, 31, 27]
993	[1, 18, 43, 56, 42, 51, 14]
994	[27, 25, 26]
995	[54, 21, 31, 56, 29, 28]
996	[15, 46, 37, 30]
997	[36, 44, 19, 45, 37]
998	[15, 39, 16, 14]
999	[11, 9, 17, 18]
1000	[15, 46, 14, 13, 45]
1001	[14, 40, 35, 9, 48]
1002	[35, 34, 32, 12]
1003	[17, 6, 3, 8]
1004	[8, 32, 35, 16]
1005	[22, 51, 57, 41, 49, 58, 23]
1006	[11, 13, 32]
1007	[14, 38, 16, 15]
1008	[13, 9, 15]
1009	[74, 34, 72, 29, 69, 32, 67]
1010	[39, 26, 12, 36]
1011	[4, 37, 36, 6, 9, 3]
1012	[10, 5, 49, 12, 28, 29]
1013	[49, 39, 11, 10, 45]
1014	[22, 23, 9]
1015	[52, 22, 55, 25, 24, 23]
1016	[31, 44, 45, 53, 11]
1017	[9, 20, 81, 79, 18, 11, 61, 21]
1018	[17, 48, 55, 10, 19, 16]
1019	[5, 6, 10, 7]
1020	[43, 5, 6, 13, 25, 51]
1021	[6, 8, 28, 46, 14]
1022	[2, 24, 23, 3]
1023	[36, 8, 56, 38, 6]
1024	[2, 17, 15]
1025	[5, 29, 4, 6, 14]
1026	[14, 15, 45, 46, 57, 18]
1027	[42, 17, 23, 8, 9]
1028	[24, 65, 63, 48, 8, 70, 59]
1029	[36, 5, 35, 6, 8, 39]
1030	[12, 33, 13]
1031	[18, 6, 10, 19]
1032	[18, 35, 12, 37]
1033	[5, 50, 48, 43, 55]
1034	[42, 56, 58, 44, 45, 50]
1035	[16, 26, 19, 12, 11]
1036	[40, 39, 37, 28, 29, 12, 21]
1037	[32, 13, 31]
1038	[12, 11, 21, 35]
1039	[53, 20, 18, 55, 70, 64, 72]
1040	[32, 39, 34, 42]
1041	[17, 49, 15, 18, 4, 11]
1042	[10, 12, 36, 9, 14]
1043	[21, 50, 34, 52, 11]
1044	[37, 21, 53, 44, 43]
1045	[38, 35, 29, 10]
1046	[4, 24, 3]
1047	[6, 7, 27, 5]
1048	[19, 51, 22, 18, 3]
1049	[47, 49, 16, 9, 46, 14]
1050	[2, 26, 42, 50, 20, 51]
1051	[14, 5, 17]
1052	[30, 28, 66, 27, 31, 58, 67]
1053	[56, 55, 4, 10, 52, 24]
1054	[41, 8, 38, 54, 7, 20]
1055	[5, 20, 18, 43, 2]
1056	[54, 68, 18, 48, 52, 7, 66]
1057	[5, 33, 47, 20, 23]
1058	[13, 39, 43, 18, 51]
1059	[53, 17, 42, 41, 5, 19, 6]
1060	[22, 16, 15, 6]
1061	[11, 14, 7, 4]
1062	[25, 20, 7, 24]
1063	[7, 28, 24, 5, 33]
1064	[55, 38, 24, 10, 39, 25]
1065	[22, 36, 53, 52, 21]
1066	[28, 20, 17, 76, 74, 42, 45]
1067	[25, 53, 54, 24, 23]
1068	[6, 36, 5, 35, 33]
1069	[14, 41, 8, 18, 47]
1070	[3, 40, 55, 2, 41, 15]
1071	[6, 3, 7]
1072	[7, 13, 36, 10, 39]
1073	[22, 51, 55, 50, 23, 8]
1074	[13, 37, 11, 35]
1075	[54, 22, 56, 35, 21, 9]
1076	[39, 46, 42, 17, 5]
1077	[39, 16, 33, 31, 8]
1078	[44, 19, 9, 42]
1079	[7, 40, 49, 35, 2, 45]
1080	[19, 30, 14, 18]
1081	[26, 42, 28, 29]
1082	[45, 44, 21, 22, 57, 51]
1083	[33, 30, 38, 9, 46]
1084	[11, 13, 41, 9, 38]
1085	[35, 21, 46, 20]
1086	[9, 33, 32]
1087	[19, 28, 21, 30, 47]
1088	[9, 34, 45, 21, 20]
1089	[38, 36, 5, 33, 7]
1090	[57, 19, 52, 61, 14, 65, 51]
1091	[45, 20, 46, 30, 47]
1092	[40, 11, 36, 8, 39]
1093	[5, 16, 39, 21, 4, 40]
1094	[19, 38, 18, 21]
1095	[42, 41, 22, 18]
1096	[8, 46, 34, 21, 45]
1097	[11, 10, 31]
1098	[37, 28, 14, 16]
1099	[52, 51, 26, 25, 21]
1100	[51, 50, 20, 47, 9, 8]
1101	[14, 42, 53, 15, 5, 17]
1102	[29, 25, 58, 51, 21, 23]
1103	[56, 57, 49, 25, 5, 2]
1104	[11, 53, 52, 10, 54, 12]
1105	[18, 10, 34, 8, 37, 38]
1106	[47, 24, 13, 43, 39]
1107	[26, 61, 55, 20, 10, 56]
1108	[62, 42, 48, 27, 47, 8, 57]
1109	[40, 12, 5, 24, 27]
1110	[45, 19, 44, 52, 12, 10]
1111	[14, 34, 31]
1112	[8, 15, 11, 36]
1113	[15, 14, 13, 37]
1114	[12, 19, 13]
1115	[29, 35, 49, 30, 46]
1116	[47, 12, 48, 44, 45, 13, 38]
1117	[45, 22, 46, 23, 17]
1118	[23, 25, 24, 26]
1119	[23, 5, 31, 32]
1120	[4, 5, 3, 24]
1121	[38, 3, 10, 7, 2]
1122	[25, 3, 4, 26]
1123	[15, 14, 5]
1124	[23, 10, 13, 3, 31]
1125	[25, 59, 23, 13, 26, 28]
1126	[8, 39, 7, 62, 40, 30]
1127	[3, 2, 10, 34]
1128	[58, 20, 19, 59, 23, 62, 73]
1129	[34, 7, 9, 32]
1130	[19, 17, 42, 16, 14]
1131	[45, 6, 13, 14, 53, 67, 7]
1132	[1, 22, 9]
1133	[6, 2, 4]
1134	[1, 58, 2, 36, 56, 52]
1135	[16, 52, 19, 63, 50, 30]
1136	[6, 35, 1, 12, 33, 14]
1137	[24, 23, 6]
1138	[37, 6, 7, 41, 11]
1139	[15, 12, 30]
1140	[24, 5, 10]
1141	[44, 11, 13, 18, 46, 45]
1142	[16, 5, 24, 2]
1143	[27, 16, 31, 18, 39]
1144	[7, 25, 27]
1145	[27, 3, 5, 17]
1146	[24, 23, 58, 57, 5, 26]
1147	[36, 7, 19, 28, 3]
1148	[2, 13, 28, 46, 26]
1149	[30, 35, 31, 36, 12, 58]
1150	[10, 9, 29, 8]
1151	[57, 25, 55, 19, 17, 45]
1152	[15, 35, 13, 14]
1153	[29, 6, 30, 7]
1154	[48, 36, 19, 4, 25]
1155	[32, 3, 9]
1156	[23, 1, 13]
1157	[36, 12, 37, 30]
1158	[11, 48, 2, 3, 8]
1159	[12, 15, 9]
1160	[28, 26, 35, 6]
1161	[47, 48, 46, 13, 14, 35]
1162	[16, 7, 18, 27, 15]
1163	[49, 23, 38, 17, 45]
1164	[12, 34, 29, 31]
1165	[2, 1, 3, 23, 24]
1166	[7, 23, 24, 18, 49]
1167	[5, 3, 7]
1168	[47, 39, 46, 49, 32]
1169	[9, 29, 5]
1170	[18, 17, 10, 6, 44]
1171	[48, 16, 54, 53, 57, 47]
1172	[33, 37, 29, 24]
1173	[9, 17, 13, 21, 45]
1174	[15, 29, 28]
1175	[28, 6, 26, 29]
1176	[18, 40, 17, 39]
1177	[36, 38, 34, 6, 24, 35]
1178	[28, 10, 35, 8, 37]
1179	[20, 9, 43, 19, 10]
1180	[48, 11, 10, 47, 12, 18, 55]
1181	[40, 39, 15, 17]
1182	[27, 35, 4, 6]
1183	[16, 24, 2, 9, 44, 20]
1184	[42, 24, 54, 40, 43, 41, 27]
1185	[14, 42, 40, 3]
1186	[53, 6, 1, 32, 33]
1187	[14, 21, 10]
1188	[54, 80, 55, 53, 16, 61, 12, 10]
1189	[3, 28, 21, 17]
1190	[54, 20, 48, 25, 49, 47]
1191	[11, 33, 14, 32]
1192	[26, 28, 13]
1193	[42, 17, 5, 20, 38]
1194	[3, 7, 8]
1195	[48, 52, 60, 57, 25, 15]
1196	[26, 9, 36, 27, 2]
1197	[13, 8, 15]
1198	[4, 24, 23]
1199	[8, 35, 9, 6, 7]
1200	[60, 32, 5, 23, 48, 56]
1201	[4, 7, 15, 30]
1202	[51, 33, 16, 48, 19]
1203	[2, 8, 20, 33, 3]
1204	[20, 2, 7]
1205	[11, 9, 26, 17]
1206	[13, 47, 20, 23, 55, 46]
1207	[5, 23, 6, 15]
1208	[10, 28, 11, 9, 2, 26]
1209	[26, 64, 17, 16, 58, 10]
1210	[17, 20, 18, 10]
1211	[25, 26, 24, 23, 6]
1212	[4, 11, 32, 17]
1213	[19, 20, 6]
1214	[33, 40, 12, 31, 29]
1215	[10, 37, 7, 12]
1216	[16, 29, 11]
1217	[37, 23, 36, 44, 30, 43]
1218	[52, 43, 25, 3, 41, 40]
1219	[20, 7]
1220	[63, 3, 51, 53, 22, 2, 64]
1221	[43, 59, 15, 45, 51, 55]
1222	[58, 20, 30, 19, 16, 53, 64]
1223	[30, 34, 6]
1224	[9, 38, 16, 43, 18]
1225	[9, 12, 31]
1226	[12, 15, 8, 9, 10, 13]
1227	[12, 32, 18, 16]
1228	[12, 14, 34, 1]
1229	[45, 16, 52, 62, 51, 15]
1230	[10, 6]
1231	[47, 17, 18, 14, 19, 15]
1232	[8, 5, 7, 3]
1233	[5, 39, 15, 43, 4, 2]
1234	[12, 11, 13]
1235	[8, 27, 6]
1236	[67, 69, 13, 49, 33, 56, 51]
1237	[4, 38, 40, 3, 36]
1238	[53, 16, 51, 26, 14]
1239	[54, 57, 17, 33, 43, 27]
1240	[23, 48, 50, 25, 11]
1241	[10, 9, 29, 40, 4]
1242	[29, 30, 28, 38]
1243	[33, 16, 13, 17]
1244	[42, 50, 41, 8, 43, 10]
1245	[55, 50, 21, 42, 28, 43]
1246	[27, 50, 45, 29, 26]
1247	[39, 30, 7, 15, 37]
1248	[35, 36, 10, 41, 27]
1249	[42, 2, 41, 13, 5, 31]
1250	[5, 6, 13, 28, 29]
1251	[30, 28, 4, 43, 11]
1252	[32, 21, 33, 19]
1253	[21, 48, 50, 23, 40]
1254	[34, 36, 77, 66, 26, 72, 75, 32]
1255	[18, 9, 32, 14]
1256	[15, 14, 46, 16, 10, 47]
1257	[23, 18, 48, 53, 21]
1258	[19, 65, 33, 63, 67, 60, 49]
1259	[30, 37, 14, 36]
1260	[39, 46, 19, 6, 47]
1261	[27, 31, 52, 55, 26, 24]
1262	[2, 6, 3]
1263	[3, 35, 51, 13, 68, 59, 29]
1264	[25, 6, 24]
1265	[30, 26, 12, 28]
1266	[33, 71, 16, 30, 67, 59, 36]
1267	[38, 53, 40, 62, 6, 15]
1268	[8, 10, 13, 9]
1269	[6, 20, 5, 49, 50]
1270	[38, 26, 12, 7]
1271	[35, 24, 17, 26]
1272	[37, 3, 1, 8, 4]
1273	[2, 25, 7]
1274	[17, 43, 14, 38, 15]
1275	[5, 6, 29]
1276	[26, 24, 23, 43, 18, 48]
1277	[11, 3]
1278	[40, 44, 16, 45, 54, 13]
1279	[17, 19, 11, 35]
1280	[5, 56, 4, 6, 35, 3]
1281	[3, 24, 45, 61, 23, 60, 21]
1282	[8, 7, 4, 6]
1283	[49, 63, 55, 47, 21, 16]
1284	[14, 6, 7]
1285	[12, 11, 35, 14, 54, 25]
1286	[17, 41, 50, 18, 51, 9]
1287	[41, 20, 33, 4, 49]
1288	[19, 27, 54, 17, 18, 20]
1289	[28, 64, 24, 25, 44, 52, 14]
1290	[46, 5, 13, 9, 37]
1291	[5, 4, 14, 13, 3, 16]
1292	[34, 7, 35, 46, 18]
1293	[25, 59, 60, 31, 26, 32]
1294	[26, 3, 5]
1295	[7, 9, 28, 42, 39, 51]
1296	[25, 26, 27]
1297	[29, 7, 32, 33, 28]
1298	[28, 9, 6]
1299	[40, 45, 17, 7, 11]
1300	[10, 23, 1]
1301	[17, 19, 18, 38]
1302	[27, 53, 51, 5, 26]
1303	[19, 51, 16, 17, 24]
1304	[13, 62, 57, 52, 12, 25]
1305	[12, 11, 41, 33, 24]
1306	[65, 10, 20, 8, 32, 11, 64]
1307	[18, 20, 2]
1308	[20, 29, 18, 24]
1309	[3, 7, 6, 14, 8]
1310	[12, 52, 5, 51, 3]
1311	[5, 4, 23, 3]
1312	[14, 15, 6]
1313	[29, 30, 31, 28]
1314	[37, 18, 49, 9, 48]
1315	[47, 23, 17, 53, 45, 57]
1316	[46, 9, 43, 6, 42]
1317	[28, 16, 29, 21, 17, 57]
1318	[40, 36, 27, 12, 52]
1319	[18, 5, 34]
1320	[46, 20, 2, 28, 43]
1321	[34, 31, 7, 35]
1322	[29, 26, 3]
1323	[19, 20, 18, 21]
1324	[35, 17, 46, 43, 21]
1325	[17, 11, 42, 33, 45]
1326	[9, 32, 42, 10]
1327	[33, 30, 39, 13]
1328	[19, 45, 15, 9, 1]
1329	[42, 18, 19, 17, 46, 23]
1330	[5, 25, 16, 20]
1331	[43, 7, 6, 57, 5, 42, 65]
1332	[60, 28, 59, 61, 27, 23]
1333	[26, 18, 70, 49, 14, 22, 27]
1334	[69, 17, 45, 43, 46, 2, 31]
1335	[31, 8, 5, 9]
1336	[14, 32, 9, 19]
1337	[7, 10, 47, 3, 18, 41]
1338	[9, 22, 26, 2, 3, 11, 48]
1339	[45, 44, 49, 16, 43]
1340	[30, 25, 16]
1341	[8, 12, 20, 13, 2]
1342	[43, 42, 13, 41, 6]
1343	[48, 15, 47, 18, 38]
1344	[47, 46, 51, 17, 21]
1345	[53, 57, 48, 47, 52, 46]
1346	[9, 29, 61, 52, 30, 55]
1347	[17, 8, 15, 28]
1348	[6, 10, 33, 5]
1349	[6, 47, 5, 42, 35, 3]
1350	[29, 5, 27, 12]
1351	[22, 55, 40, 7, 54, 19]
1352	[32, 7, 45, 18, 34]
1353	[16, 21, 14, 53, 49, 4, 71]
1354	[14, 13, 15, 50, 41]
1355	[33, 14, 10]
1356	[37, 14, 33, 42]
1357	[53, 54, 40, 20, 8]
1358	[42, 5, 43, 26, 58, 63, 56]
1359	[61, 27, 63, 38, 60, 19, 18]
1360	[17, 16, 44, 43, 20]
1361	[62, 44, 45, 54, 51, 43]
1362	[24, 19, 48, 56, 25, 29]
1363	[42, 43, 13, 47, 55, 15]
1364	[45, 43, 33, 23, 29]
1365	[43, 29, 40, 14, 15]
1366	[14, 30, 12]
1367	[15, 45, 43, 14, 44]
1368	[4, 23]
1369	[15, 1, 46, 14, 44]
1370	[41, 58, 9, 13, 43, 7]
1371	[37, 15, 12, 41, 34]
1372	[12, 41, 36, 32, 8]
1373	[10, 7, 8, 34]
1374	[18, 59, 69, 61, 64, 20, 19, 24]
1375	[9, 8, 10, 21, 11]
1376	[29, 15, 12, 16]
1377	[41, 11, 3, 33, 15]
1378	[37, 10, 38, 47, 43]
1379	[54, 42, 28, 52, 61, 21]
1380	[64, 21, 16, 61, 50, 15]
1381	[30, 9, 28]
1382	[22, 6, 45, 49, 48, 53, 16]
1383	[24, 45, 43, 13, 51]
1384	[13, 7, 27]
1385	[22, 20, 29]
1386	[9, 3, 8, 10]
1387	[21, 22, 20, 19, 49]
1388	[44, 17, 54, 51, 35]
1389	[8, 32, 43, 16, 46]
1390	[8, 41, 9, 14, 45]
1391	[2, 12, 11, 13]
1392	[10, 8, 36, 26]
1393	[17, 25, 24, 3, 53]
1394	[8, 15, 34]
1395	[9, 26, 10]
1396	[15, 45, 50, 10, 13, 53]
1397	[47, 46, 16, 15, 44]
1398	[43, 57, 11, 42, 21, 10]
1399	[55, 17, 51, 57, 49, 43]
1400	[13, 19, 33, 42, 2]
1401	[40, 16, 46, 47, 8, 17]
1402	[32, 34, 23, 8]
1403	[55, 38, 34, 20, 48]
1404	[27, 28, 11]
1405	[40, 36, 11, 37]
1406	[7, 3, 4, 8]
1407	[7, 27, 38, 30]
1408	[46, 4, 30, 10, 57, 58]
1409	[47, 19, 46, 7, 18]
1410	[39, 38, 43, 49, 8]
1411	[25, 52, 6, 38, 19, 23]
1412	[9, 35, 8, 10]
1413	[14, 19, 34, 8]
1414	[41, 53, 51, 22, 54]
1415	[16, 17, 21, 48, 47]
1416	[4, 24, 15]
1417	[17, 32, 35, 19, 21]
1418	[7, 36, 34, 38, 12]
1419	[44, 22, 54, 11, 36, 28]
1420	[8, 42, 24, 12, 35, 52]
1421	[28, 59, 62, 51, 32, 15]
1422	[21, 39, 11, 54, 17]
1423	[32, 4, 18, 21, 39]
1424	[9, 5, 13, 8]
1425	[47, 21, 18, 23, 49]
1426	[12, 3, 47, 17, 33]
1427	[30, 1, 23]
1428	[5, 11, 1, 26, 2, 47]
1429	[23, 25, 48, 45, 46, 19]
1430	[6, 18, 39, 19]
1431	[6, 37, 53, 39, 34]
1432	[2, 3, 19]
1433	[58, 25, 56, 18, 54, 62, 24]
1434	[19, 24, 34, 27, 45]
1435	[17, 8, 16]
1436	[11, 3, 10, 27]
1437	[2, 32, 3, 6]
1438	[49, 6, 50, 33, 32]
1439	[11, 21]
1440	[12, 7, 9]
1441	[35, 32, 25, 41]
1442	[50, 49, 2, 38, 3, 37]
1443	[8, 32, 34, 28, 43]
1444	[8, 29, 10, 9]
1445	[29, 19, 25, 40]
1446	[5, 16, 6, 26]
1447	[15, 46, 18, 76, 12, 17, 69, 34]
1448	[21, 22, 13, 42]
1449	[21, 22, 10, 47, 36]
1450	[28, 39, 32, 29]
1451	[4, 2, 6, 18]
1452	[18, 56, 51, 55, 13, 17, 57]
1453	[29, 6, 16, 11]
1454	[11, 41, 25, 33]
1455	[46, 47, 34, 41, 20, 53]
1456	[32, 29, 4]
1457	[5, 22, 39, 4, 30, 38]
1458	[55, 32, 20, 52, 15, 8]
1459	[16, 19, 22, 10]
1460	[35, 13, 8, 10]
1461	[10, 22]
1462	[51, 40, 68, 66, 54, 48, 13]
1463	[22, 3, 20, 5]
1464	[24, 46, 47, 25, 19]
1465	[46, 39, 13, 14, 10, 45, 19]
1466	[17, 14, 54, 48, 18]
1467	[34, 28, 33, 15]
1468	[16, 8, 2]
1469	[46, 61, 74, 33, 20, 27, 58, 68]
1470	[23, 52, 10, 7, 41]
1471	[40, 45, 18, 38, 39, 51]
1472	[38, 39, 11, 14]
1473	[10, 18, 6]
1474	[17, 39, 9, 34]
1475	[36, 62, 18, 31, 53, 32]
1476	[23, 15, 21, 24]
1477	[1, 45, 2, 20, 44, 19]
1478	[68, 37, 5, 48, 63, 21, 22]
1479	[30, 8, 7, 31, 15]
1480	[44, 54, 8, 51, 19, 17]
1481	[43, 26, 5, 8, 47]
1482	[10, 38, 29, 30]
1483	[35, 9, 15, 42, 44, 11]
1484	[21, 18, 47, 20, 2]
1485	[42, 29, 62, 46, 44, 61]
1486	[35, 30, 43, 10]
1487	[48, 44, 33, 25, 3]
1488	[56, 18, 20, 58, 41, 21]
1489	[55, 26, 19, 8, 2, 48]
1490	[37, 26, 28, 31]
1491	[57, 56, 27, 20, 26, 52]
1492	[29, 15, 14, 38]
1493	[5, 19, 18, 29]
1494	[5, 28, 3, 16]
1495	[52, 14, 26, 5, 4]
1496	[49, 20, 19, 48, 55, 53]
1497	[68, 30, 71, 51, 42, 16, 33]
1498	[23, 7, 22, 49, 14, 24]
1499	[23, 21, 24, 52, 49]
1500	[12, 14, 4]
1501	[37, 6, 16, 18]
1502	[6, 5]
1503	[11, 7, 42, 18, 33]
1504	[51, 17, 47, 46, 27, 16, 49]
1505	[29, 30, 12]
1506	[31, 39, 35, 28]
1507	[3, 7, 17]
1508	[44, 33, 39, 3, 40]
1509	[35, 5, 48, 45, 12]
1510	[4, 6, 14, 8]
1511	[19, 4, 3]
1512	[7, 9, 6, 30]
1513	[8, 68, 13, 67, 41, 10, 7]
1514	[25, 20, 14]
1515	[5, 11, 23]
1516	[4, 5, 6]
1517	[7, 40, 37, 14]
1518	[47, 42, 48, 45, 44]
1519	[2, 6, 23, 5]
1520	[15, 33, 32, 16]
1521	[46, 45, 44, 55, 47, 54]
1522	[52, 53, 51, 15, 16, 55]
1523	[18, 15, 19, 21]
1524	[3, 25, 29, 38]
1525	[18, 15, 11, 16, 17]
1526	[35, 12, 34, 11]
1527	[31, 2, 5, 34, 48, 4]
1528	[12, 31, 22, 2]
1529	[44, 41, 42, 38, 49]
1530	[5, 8, 38, 36, 7]
1531	[29, 40, 16, 5]
1532	[12, 8, 10, 46, 47]
1533	[29, 17, 12, 30, 8]
1534	[58, 8, 25, 45, 64, 28, 6]
1535	[5, 11, 27]
1536	[6, 5, 7, 14]
1537	[14, 28, 25]
1538	[20, 40, 51, 11, 9]
1539	[33, 47, 56, 3, 29, 35, 34]
1540	[12, 11]
1541	[41, 19, 10, 9, 11]
1542	[43, 37, 6, 15, 10]
1543	[4, 7, 21]
1544	[65, 64, 29, 30, 49, 46, 14]
1545	[53, 65, 17, 63, 14, 44, 58]
1546	[8, 4]
1547	[43, 38, 11, 42, 37, 40]
1548	[55, 19, 53, 51, 48, 8, 54]
1549	[60, 11, 53, 54, 56, 32]
1550	[16, 14, 19, 15]
1551	[6, 18, 15, 40]
1552	[26, 2, 29, 7]
1553	[14, 56, 46, 13, 55, 1, 15]
1554	[32, 42, 31, 41, 20]
1555	[27, 13, 53, 47, 21]
1556	[24, 30, 22, 15]
1557	[16, 9, 15]
1558	[47, 18, 17, 46, 34]
1559	[13, 44, 16, 12, 20]
1560	[52, 16, 17, 53, 23, 10]
1561	[18, 7, 29, 16]
1562	[35, 11, 10, 12]
1563	[6, 7, 29, 17]
1564	[15, 2]
1565	[34, 2, 5, 36, 4]
1566	[42, 46, 38, 44, 43, 6]
1567	[38, 14, 44, 47, 16]
1568	[37, 48, 25, 14, 23]
1569	[61, 70, 71, 32, 75, 14, 76, 21]
1570	[46, 17, 24, 15, 14, 45]
1571	[52, 21, 40, 9, 31]
1572	[17, 7, 38, 45, 6, 42]
1573	[16, 12, 11, 24, 20]
1574	[18, 6]
1575	[12, 45, 11, 10, 44, 41]
1576	[46, 18, 39, 11, 8]
1577	[14, 39, 9, 36]
1578	[24, 46, 43, 21, 14]
1579	[43, 44, 29, 62, 63, 6]
1580	[35, 9, 54, 36, 37, 6]
1581	[32, 39, 3, 38, 8]
1582	[19, 20, 10, 6]
1583	[10, 36, 7, 33, 5]
1584	[17, 4, 15, 11]
1585	[7, 16, 15, 8]
1586	[54, 55, 19, 23, 58, 20]
1587	[20, 24, 19]
1588	[7, 6, 16]
1589	[54, 56, 57, 26, 40, 55]
1590	[8, 26, 24, 2, 7]
1591	[2, 4, 45, 3, 57, 10]
1592	[18, 34, 35, 10, 16]
1593	[50, 49, 3, 33, 4, 17]
1594	[54, 26, 21, 20, 53, 25]
1595	[19, 14, 15, 18]
1596	[57, 44, 55, 9, 40, 59]
1597	[2, 19, 29]
1598	[50, 15, 16, 51, 53, 13, 48]
1599	[58, 26, 60, 28, 5, 41]
1600	[5, 2]
1601	[48, 22, 42, 28, 6]
1602	[41, 26, 43, 36, 6]
1603	[43, 13, 39, 22, 41]
1604	[10, 7]
1605	[6, 2, 14, 27]
1606	[14, 39, 17, 38, 2]
1607	[2, 12, 22, 1]
1608	[7, 12, 28]
1609	[20, 19, 53, 52, 6]
1610	[18, 4, 8, 10, 44]
1611	[38, 3, 51, 53, 22]
1612	[2, 20, 12]
1613	[14, 9, 23, 50, 13, 45, 59]
1614	[38, 40, 42, 3]
1615	[23, 38, 45, 17, 2]
1616	[9, 36, 10, 34, 37]
1617	[38, 6, 34, 2, 5, 12]
1618	[16, 47, 39, 17, 46]
1619	[46, 44, 18, 47, 12, 42]
1620	[35, 32, 36, 7]
1621	[71, 34, 64, 52, 66, 73, 49, 21]
1622	[35, 18, 9, 5]
1623	[29, 1, 50, 53, 55]
1624	[43, 2, 44, 10]
1625	[49, 14, 13, 19, 20, 50]
1626	[6, 32, 22, 5, 7]
1627	[23, 4, 22]
1628	[24, 23, 3, 29]
1629	[12, 27, 14, 8]
1630	[29, 28, 59, 58, 14, 27]
1631	[6, 26, 2]
1632	[22, 10, 17, 38]
1633	[8, 9, 10]
1634	[42, 18, 44, 37, 46]
1635	[20, 35, 32, 37]
1636	[83, 15, 22, 31, 71, 70, 34, 80, 21, 12]
1637	[9, 15, 10, 32]
1638	[45, 46, 11, 48, 14, 12]
1639	[15, 16, 41, 40, 13]
1640	[54, 23, 25, 1, 5]
1641	[25, 8, 1]
1642	[13, 28, 12]
1643	[20, 7, 6, 8]
1644	[22, 20]
1645	[33, 15, 31, 14]
1646	[26, 22, 47, 20, 58, 53]
1647	[27, 17, 31, 4, 53, 15]
1648	[13, 6, 5, 33, 12, 30]
1649	[17, 8, 33, 10]
1650	[7, 5, 9, 6]
1651	[42, 57, 56, 44, 13, 28]
1652	[39, 41, 38, 20]
1653	[32, 14, 34]
1654	[31, 23, 5, 36]
1655	[53, 28, 20, 3, 18]
1656	[49, 19, 61, 43, 51, 50]
1657	[23, 13, 33, 30]
1658	[3, 14, 15, 36]
1659	[60, 19, 67, 54, 65, 17, 26]
1660	[3, 2, 20]
1661	[15, 9, 13, 21, 44]
1662	[7, 26, 9]
1663	[20, 55, 50, 58, 19, 22]
1664	[13, 28, 8]
1665	[20, 18, 48, 24, 53]
1666	[20, 47, 48, 19, 49, 21]
1667	[36, 11, 34, 10]
1668	[15, 7, 14, 8]
1669	[12, 35, 36, 32]
1670	[3, 21]
1671	[57, 62, 46, 19, 23, 53]
1672	[25, 49, 23, 10, 52, 13]
1673	[21, 5]
1674	[28, 30, 15, 3]
1675	[18, 38, 17, 21, 37, 2]
1676	[43, 15, 17, 41, 40]
1677	[19, 55, 54, 53, 16, 18]
1678	[47, 46, 43, 62, 3, 64, 44]
1679	[42, 19, 17, 23]
1680	[33, 34, 32, 35, 9]
1681	[5, 4, 32]
1682	[41, 36, 11, 13, 14]
1683	[4, 30, 31, 5]
1684	[31, 12, 28]
1685	[33, 12, 31, 34, 18]
1686	[28, 32, 10, 33]
1687	[8, 17, 22, 35, 51]
1688	[3, 7, 10, 17]
1689	[8, 19, 13, 16]
1690	[25, 11, 32]
1691	[50, 27, 14, 8, 46]
1692	[9, 15, 33, 14]
1693	[23, 51, 53, 21, 52]
1694	[17, 47, 44, 43, 48]
1695	[7, 20, 14, 17, 1]
1696	[6, 7, 22]
1697	[68, 53, 20, 45, 46, 27, 42]
1698	[34, 33, 8]
1699	[5, 28, 8]
1700	[46, 18, 44, 20, 16]
1701	[13, 14, 7, 4]
1702	[40, 17, 47, 48, 46]
1703	[67, 30, 21, 41, 40, 18, 23]
1704	[5, 11, 10, 20, 52]
1705	[15, 51, 29, 22, 65, 45]
1706	[26, 25, 13, 24, 12, 33]
1707	[26, 7, 27]
1708	[32, 11, 24, 33]
1709	[48, 33, 11, 31, 32, 59]
1710	[55, 43, 16, 22, 29, 53, 60]
1711	[48, 32, 15, 3, 29]
1712	[43, 17, 51, 39, 41]
1713	[21, 40, 20, 22, 39, 23]
1714	[17, 35, 39, 33]
1715	[56, 20, 14, 17, 23, 59]
1716	[8, 11, 30, 7, 35]
1717	[18, 3, 13, 5]
1718	[2, 3, 18]
1719	[20, 54, 37, 17, 24, 21]
1720	[7, 3, 16]
1721	[69, 26, 67, 24, 11, 47, 70]
1722	[8, 10, 33, 31, 5]
1723	[11, 39, 49, 29, 10, 8]
1724	[8, 9, 33, 32, 7]
1725	[43, 57, 49, 46, 20, 14]
1726	[47, 12, 20, 61, 37, 5, 64]
1727	[40, 9, 11, 37]
1728	[62, 63, 64, 11, 13, 57, 19]
1729	[60, 59, 48, 55, 61, 27]
1730	[1, 45, 43, 13, 7]
1731	[18, 19, 52, 48, 55, 14]
1732	[32, 31, 30, 9]
1733	[57, 19, 30, 5, 12, 48]
1734	[11, 32, 15]
1735	[9, 42, 17, 49, 16]
1736	[24, 37, 3, 7, 20]
1737	[59, 1, 62, 49, 19, 4]
1738	[21, 4, 20, 34]
1739	[24, 59, 19, 55, 52, 23, 48]
1740	[60, 25, 23, 48, 58, 13]
1741	[37, 9, 31, 27]
1742	[11, 33, 9, 26]
1743	[42, 4, 5, 44, 6]
1744	[12, 53, 22, 47, 45]
1745	[34, 66, 23, 5, 6, 46, 47]
1746	[28, 22, 55, 26, 47, 20]
1747	[64, 55, 26, 61, 17, 6]
1748	[52, 43, 3, 32, 18]
1749	[4, 26, 17, 24]
1750	[13, 15, 32, 10]
1751	[13, 11, 15]
1752	[5, 9, 26, 1]
1753	[5, 3, 41, 38, 14, 39]
1754	[26, 23, 2, 25, 3]
1755	[16, 28, 3, 48, 42]
1756	[53, 28, 71, 8, 69, 15, 55]
1757	[16, 48, 17, 9, 46]
1758	[36, 7, 17, 47, 52, 16]
1759	[21, 48, 19, 46, 35, 62]
1760	[45, 10, 18, 40, 39]
1761	[42, 51, 25, 19, 44]
1762	[9, 7, 27, 8]
1763	[3, 6, 9]
1764	[25, 34, 5, 26, 23]
1765	[17, 63, 24, 62, 16, 55, 68]
1766	[8, 3, 7, 23]
1767	[18, 20, 38, 49, 47]
1768	[34, 27, 17]
1769	[16, 44, 15, 43, 12, 40]
1770	[5, 18, 6, 4]
1771	[42, 18, 14, 8, 15]
1772	[59, 57, 42, 40, 61, 37, 44]
1773	[3, 25, 28]
1774	[69, 17, 20, 53, 66, 31, 58]
1775	[10, 17, 56, 22, 49, 52]
1776	[50, 15, 13, 14, 12]
1777	[53, 10, 49, 46, 51, 7]
1778	[18, 33, 29, 36]
1779	[34, 17, 25, 12]
1780	[1, 17, 11, 34]
1781	[40, 57, 24, 11, 8, 37]
1782	[20, 48, 34, 12, 49, 14]
1783	[6, 24, 47, 33, 40]
1784	[13, 50, 14, 15, 11, 51]
1785	[42, 61, 65, 68, 5, 31, 60]
1786	[44, 48, 43, 50, 10, 7]
1787	[33, 8, 44, 46, 51, 50]
1788	[12, 33, 9, 13]
1789	[45, 9, 51, 10, 14, 25]
1790	[17, 21, 22, 34, 65, 23]
1791	[29, 11, 25]
1792	[7, 11, 2, 20, 40]
1793	[9, 34, 7, 32, 19]
1794	[47, 63, 15, 44, 54, 4]
1795	[14, 24, 31, 17]
1796	[8, 13, 9]
1797	[48, 11, 10, 42, 26]
1798	[33, 20, 28, 56, 19, 55, 64]
1799	[12, 25, 24]
1800	[41, 38, 47, 9, 48, 18]
1801	[50, 51, 39, 54, 38, 28]
1802	[25, 23, 12, 26]
1803	[26, 10, 25, 12, 11]
1804	[13, 12, 37, 18]
1805	[27, 43, 31, 9]
1806	[60, 35, 61, 42, 18, 17]
1807	[21, 7, 20, 38]
1808	[25, 40, 26, 3]
1809	[19, 46, 39, 37, 10]
1810	[3, 21, 2]
1811	[36, 20, 56, 21, 57, 27]
1812	[47, 46, 5, 9, 48, 6, 10]
1813	[4, 36, 35, 3]
1814	[53, 18, 42, 48, 11]
1815	[1, 24]
1816	[5, 28, 40, 41]
1817	[8, 33, 7, 34, 32, 17]
1818	[8, 29, 7, 4]
1819	[10, 31, 9, 35]
1820	[28, 26, 7, 30]
1821	[29, 50, 48, 46, 18, 1]
1822	[3, 34, 25, 2, 26]
1823	[4, 26, 25]
1824	[3, 38, 40, 16, 45, 2]
1825	[42, 25, 26, 24, 43, 28]
1826	[46, 26, 31, 28, 25]
1827	[24, 25, 23, 21]
1828	[12, 14, 8, 13, 3]
1829	[41, 43, 13, 38, 8]
1830	[28, 21, 19, 27]
1831	[14, 44, 15, 17, 18]
1832	[28, 60, 61, 27, 59, 19]
1833	[49, 21, 51, 19, 33, 69, 36]
1834	[65, 10, 44, 47, 67, 45, 43]
1835	[24, 25, 36, 5, 18]
1836	[42, 43, 7, 14]
1837	[46, 15, 45, 48, 14]
1838	[29, 9, 33, 19, 47, 2]
1839	[40, 41, 13, 38, 42, 5]
1840	[5, 9, 23, 7, 21]
1841	[43, 63, 32, 65, 27, 28, 50]
1842	[15, 17, 16, 38, 39]
1843	[24, 46, 52, 39, 36]
1844	[41, 14, 50, 18, 46]
1845	[51, 49, 18, 17, 37]
1846	[8, 3, 1]
1847	[36, 35, 31]
1848	[30, 29, 33, 16]
1849	[17, 16, 14, 18]
1850	[2, 3, 8, 12]
1851	[12, 41, 11, 3, 40, 13]
1852	[3, 16]
1853	[34, 36, 8, 23, 7]
1854	[44, 10, 11, 26, 42]
1855	[14, 32, 7]
1856	[18, 22, 14, 6, 45, 15]
1857	[5, 11, 10, 46, 6]
1858	[10, 9, 25, 26]
1859	[43, 11, 60, 58, 17, 41]
1860	[16, 18, 36, 46, 20]
1861	[11, 13, 3, 10]
1862	[14, 11, 45, 42, 15]
1863	[12, 37, 39, 10]
1864	[15, 17, 13, 9]
1865	[62, 28, 55, 48, 38, 63]
1866	[27, 58, 44, 45, 5, 6]
1867	[55, 25, 54, 38, 8]
1868	[37, 59, 50, 4, 17, 58]
1869	[33, 34, 5, 6, 10]
1870	[11, 17, 48, 13, 44]
1871	[57, 48, 66, 58, 31, 27, 10]
1872	[7, 13, 12]
1873	[8, 9, 34, 15]
1874	[10, 5, 17]
1875	[56, 38, 55, 22, 21, 8, 57]
1876	[18, 50, 52, 16, 15, 19]
1877	[23, 9, 27]
1878	[47, 40, 17, 15, 16]
1879	[18, 19, 58, 12, 52, 13]
1880	[3, 23, 22]
1881	[29, 41, 40, 3]
1882	[46, 44, 47, 20, 21]
1883	[15, 39, 2, 26]
1884	[15, 17, 18, 53, 1]
1885	[30, 33, 14]
1886	[20, 28, 27, 10]
1887	[21, 13, 23, 44, 12]
1888	[20, 2, 4, 16, 17, 15]
1889	[3, 4, 31, 32, 2]
1890	[13, 26, 28, 20, 22]
1891	[6, 45, 7, 50, 44, 43, 51]
1892	[36, 8, 9, 6, 38, 41]
1893	[30, 9, 29]
1894	[3, 2, 32, 12, 6, 4]
1895	[38, 54, 55, 43, 44, 19, 1]
1896	[14, 37, 18, 41, 36]
1897	[24, 26, 7, 8]
1898	[9, 19, 18]
1899	[21, 20, 39, 49, 44]
1900	[23, 14, 44, 13]
1901	[26, 28, 17, 27]
1902	[33, 5, 34, 6]
1903	[2, 29, 47, 24, 30]
1904	[8, 44, 17, 20]
1905	[31, 7, 34, 9]
1906	[4, 49, 23, 66, 63, 64, 26, 24]
1907	[20, 13, 16, 40]
1908	[23, 12, 32]
1909	[26, 44, 5, 16, 23, 14]
1910	[3, 31, 40, 6, 9, 11]
1911	[18, 6, 35, 17, 44]
1912	[33, 43, 9, 7, 17]
1913	[20, 4, 28, 54, 53, 22, 60]
1914	[14, 11, 32, 17, 41]
1915	[5, 43, 6, 45, 41, 7, 21]
1916	[25, 52, 24, 16, 17, 15, 61]
1917	[19, 13, 35, 5]
1918	[66, 47, 53, 10, 15, 56, 28]
1919	[12, 13, 10, 33]
1920	[39, 17, 31, 3]
1921	[7, 54, 44, 35, 34, 55]
1922	[36, 9, 31, 28]
1923	[48, 3, 28, 19, 22, 43]
1924	[9, 53, 48, 40, 11]
1925	[3, 41, 48, 45, 8, 11, 4]
1926	[42, 14, 20, 40, 36]
1927	[18, 16, 14, 5]
1928	[7, 45, 5, 13]
1929	[23, 15, 20, 10, 63, 14]
1930	[38, 11, 34, 42]
1931	[16, 1, 7, 2, 3]
1932	[16, 11, 60, 46, 22, 10]
1933	[43, 12, 9, 57, 13, 10]
1934	[52, 11, 53, 41, 28, 23]
1935	[15, 43, 45, 17, 2]
1936	[7, 29, 28, 40]
1937	[34, 13, 6, 30]
1938	[16, 17, 42, 29]
1939	[40, 21, 55, 57, 65, 51, 64]
1940	[58, 48, 47, 7, 45, 56]
1941	[52, 58, 50, 18, 64, 24]
1942	[9, 43, 11, 45, 30, 61]
1943	[7, 19, 8]
1944	[17, 9]
1945	[16, 77, 80, 60, 83, 14, 27, 78]
1946	[31, 21, 19, 1, 53, 2]
1947	[31, 29, 30]
1948	[56, 19, 63, 55, 58, 70, 32]
1949	[9, 3, 24]
1950	[53, 26, 14, 18, 17, 61]
1951	[36, 20, 11]
1952	[54, 52, 49, 18, 56, 48]
1953	[10, 7, 8, 15]
1954	[8, 23, 9]
1955	[30, 21, 42, 46, 17]
1956	[3, 11, 9, 45, 19]
1957	[37, 14, 52, 53, 58, 44]
1958	[16, 39, 43, 20, 13]
1959	[20, 29, 13, 3]
1960	[46, 17, 15, 56, 62, 18, 32]
1961	[16, 45, 19, 17, 46, 40]
1962	[47, 50, 51, 49, 6, 7]
1963	[17, 15, 14, 38]
1964	[30, 9, 27, 15]
1965	[27, 21, 13, 14, 16]
1966	[20, 9, 13, 42]
1967	[35, 11, 33, 9]
1968	[25, 22, 24]
1969	[30, 29, 25, 58, 63, 23]
1970	[22, 43, 44, 47, 19]
1971	[50, 63, 19, 47, 16, 21]
1972	[45, 10, 44, 3, 41]
1973	[49, 54, 51, 43, 56, 9]
1974	[7, 30, 5, 3]
1975	[54, 18, 52, 40, 51, 39]
1976	[46, 48, 47, 49, 7]
1977	[21, 22, 18]
1978	[9, 43, 14, 42, 46]
1979	[6, 15, 4, 8, 35]
1980	[8, 38, 13, 34, 39]
1981	[53, 55, 2, 26, 7]
1982	[39, 12, 19, 20, 41]
1983	[69, 63, 18, 24, 79, 76, 75, 48, 34]
1984	[9, 41, 56, 25, 7, 39]
1985	[53, 7, 36, 40, 4]
1986	[24, 28, 25]
1987	[35, 29, 26, 5]
1988	[44, 9, 53, 27, 23]
1989	[31, 4, 32, 20, 9]
1990	[48, 19, 52, 23, 59, 16]
1991	[10, 31, 32, 34, 11]
1992	[33, 10, 5, 8, 20, 17]
1993	[30, 28, 27]
1994	[37, 14, 15, 7, 6]
1995	[60, 49, 17, 55, 16, 52]
1996	[34, 16, 35]
1997	[13, 27, 24]
1998	[9, 10, 18]
1999	[16, 46, 7, 26, 3]
2000	[7, 40, 3, 4]
2001	[3, 23, 10, 13]
2002	[37, 19, 30, 40, 31, 25]
2003	[5, 15, 25, 8]
2004	[3, 22, 8, 40]
2005	[3, 2, 11, 36, 48, 20]
2006	[22, 4, 28, 57, 23, 25]
2007	[1, 4]
2008	[5, 39, 35, 29, 38]
2009	[18, 12, 14, 9]
2010	[16, 36, 35, 17]
2011	[15, 17, 37, 10]
2012	[8, 17, 27, 35, 42]
2013	[11, 7, 6]
2014	[17, 4, 16]
2015	[13, 9, 8]
2016	[8, 11, 28]
2017	[50, 26, 21, 48, 24]
2018	[2, 6, 14]
2019	[34, 21, 14, 50, 37]
2020	[32, 31, 14]
2021	[8, 18, 19, 9, 7]
2022	[58, 57, 27, 8, 26, 28, 56]
2023	[56, 58, 14, 61, 65, 57]
2024	[3, 26, 6, 28]
2025	[33, 34, 10, 4]
2026	[15, 58, 54, 68, 57, 24, 61]
2027	[39, 10, 8, 38, 37]
2028	[35, 38, 23, 9, 40, 37]
2029	[23, 7]
2030	[7, 6, 44, 25, 24]
2031	[33, 27, 34, 5, 32]
2032	[15, 18, 14, 48, 52, 17, 53]
2033	[19, 17, 14, 46, 12]
2034	[8, 9, 33, 67, 30, 64]
2035	[34, 2, 44, 40, 8]
2036	[40, 5, 38, 39, 6]
2037	[48, 50, 21, 51, 49]
2038	[3, 31, 2, 5]
2039	[13, 16, 27, 5]
2040	[35, 5, 55, 24, 20, 56]
2041	[21, 25, 12]
2042	[28, 36, 9, 5]
2043	[8, 7, 2, 30]
2044	[43, 45, 17, 36, 15, 39]
2045	[49, 48, 24, 19, 47]
2046	[14, 6, 32, 40, 43]
2047	[20, 15, 53, 57, 46, 43]
2048	[15, 41, 14, 5, 19]
2049	[26, 10]
2050	[17, 40, 9, 23, 29]
2051	[39, 13, 2, 40]
2052	[46, 36, 17, 35, 19]
2053	[48, 7, 45, 10, 44, 56, 31]
2054	[70, 61, 51, 63, 20, 68, 54]
2055	[34, 31, 9, 30]
2056	[17, 10, 38, 8, 34, 21]
2057	[4, 17, 12, 13, 23]
2058	[42, 52, 51, 19, 55, 43]
2059	[13, 32, 15]
2060	[42, 12, 44, 38, 15]
2061	[43, 27, 12, 35]
2062	[19, 20, 17, 52, 39, 65]
2063	[18, 48, 6, 8, 36]
2064	[33, 2, 50, 45, 3]
2065	[37, 49, 39, 9, 36]
2066	[16, 44, 46, 47, 2]
2067	[17, 23, 43, 35]
2068	[24, 57, 6, 58, 23, 21]
2069	[5, 27, 12, 11]
2070	[67, 14, 61, 60, 64, 58, 48]
2071	[3, 2, 21, 20, 28]
2072	[36, 14, 37, 12]
2073	[22, 47, 28, 30, 26, 16]
2074	[15, 14, 34]
2075	[14, 3, 29, 13]
2076	[12, 16]
2077	[9, 22, 60, 23, 68, 11, 57]
2078	[12, 19, 9, 14]
2079	[20, 8, 11]
2080	[14, 52, 15, 51, 22, 7, 17]
2081	[6, 41, 12, 36, 38]
2082	[61, 24, 62, 25, 23, 63, 26]
2083	[2, 21, 8, 26]
2084	[5, 3, 4]
2085	[55, 54, 28, 27, 56, 57]
2086	[55, 45, 52, 16, 46, 43]
2087	[44, 54, 4, 14, 55, 47, 49]
2088	[50, 25, 6, 27, 26]
2089	[3, 17, 4, 43]
2090	[3, 7, 11, 29]
2091	[9, 10, 23]
2092	[20, 2, 8]
2093	[60, 65, 53, 62, 20, 28, 45]
2094	[20, 6, 22, 21, 10, 39]
2095	[4, 5, 13, 3]
2096	[22, 34, 12, 37]
2097	[31, 14, 9, 4]
2098	[37, 24, 22, 5, 17, 36]
2099	[29, 42, 66, 9, 5, 10, 30]
2100	[32, 18, 4, 5]
2101	[6, 9, 12]
2102	[44, 13, 7, 2, 23]
2103	[10, 11, 27]
2104	[31, 5, 48, 22, 30]
2105	[54, 59, 55, 17, 45, 7]
2106	[7, 4, 10]
2107	[8, 60, 26, 6, 56, 58, 27]
2108	[14, 13, 51, 17, 5]
2109	[17, 20, 40, 37]
2110	[24, 11, 6]
2111	[8, 17, 39, 7]
2112	[30, 3, 33, 6, 47]
2113	[5, 42, 54, 17, 8, 63, 16]
2114	[26, 14, 2, 5]
2115	[13, 14, 35]
2116	[42, 49, 20, 13, 32, 51]
2117	[21, 47, 48, 19, 22]
2118	[21, 40, 37, 15]
2119	[67, 70, 64, 29, 44, 63, 8]
2120	[34, 16, 20, 15, 9, 19]
2121	[35, 11, 46, 38, 10]
2122	[4, 10]
2123	[20, 4]
2124	[50, 52, 41, 37, 21, 19]
2125	[31, 11, 12]
2126	[38, 14, 28, 16, 22]
2127	[42, 8, 37, 39, 19]
2128	[33, 34, 32, 4]
2129	[13, 2, 44, 24]
2130	[40, 44, 9, 13, 24, 33]
2131	[5, 41, 33, 13]
2132	[27, 10, 11, 3, 25, 4]
2133	[19, 30, 11]
2134	[13, 22, 51, 23, 42, 41]
2135	[8, 2, 10, 7, 4]
2136	[20, 7, 37, 50, 36, 38]
2137	[7, 23]
2138	[5, 12, 1, 7]
2139	[17, 56, 57, 19, 20, 59, 18]
2140	[20, 29, 10]
2141	[18, 17, 19, 16]
2142	[29, 22, 56, 28, 27]
2143	[6, 22]
2144	[4, 5, 18]
2145	[8, 12]
2146	[35, 10, 32, 42, 43]
2147	[46, 32, 6, 16, 47]
2148	[8, 7, 35, 9, 18]
2149	[6, 26, 25, 39]
2150	[18, 3, 5]
2151	[13, 12, 37, 26, 36]
2152	[24, 30, 31]
2153	[22, 50, 23, 24, 38]
2154	[38, 12, 13, 39, 55, 9]
2155	[45, 14, 50, 12, 43]
2156	[26, 67, 56, 29, 43, 45, 63]
2157	[9, 26, 28]
2158	[10, 39, 11, 31, 26]
2159	[38, 12, 33, 28]
2160	[21, 30, 32, 11]
2161	[12, 9, 42, 1]
2162	[43, 64, 61, 50, 23, 10]
2163	[4, 6, 18, 36, 3, 39]
2164	[22, 63, 62, 23, 66, 26, 24]
2165	[24, 22, 4]
2166	[50, 21, 52, 20, 49, 46]
2167	[20, 54, 46, 7, 6]
2168	[61, 49, 62, 19, 20, 50, 40]
2169	[7, 35, 33]
2170	[4, 38, 54, 3, 14]
2171	[16, 13, 15, 46, 5]
2172	[35, 37, 36, 38]
2173	[54, 49, 39, 21, 55, 11]
2174	[19, 7]
2175	[3, 59, 60, 55, 37, 20, 16]
2176	[8, 30, 26]
2177	[13, 55, 7, 54, 58, 23, 59]
2178	[22, 24, 43, 41, 25]
2179	[21, 5, 9, 42, 20]
2180	[19, 8, 18, 24, 37]
2181	[26, 29, 12, 13]
2182	[11, 13, 30, 28]
2183	[14, 13, 27, 31]
2184	[2, 44, 43, 39, 12, 51]
2185	[4, 9, 6, 35, 40, 27]
2186	[19, 35, 11, 18]
2187	[9, 29, 13]
2188	[27, 50, 35, 52, 48]
2189	[16, 18, 38, 10]
2190	[38, 6, 2, 39]
2191	[37, 28, 6, 36]
2192	[6, 34, 2]
2193	[10, 11, 25, 15]
2194	[17, 4, 3, 29]
2195	[62, 55, 28, 20, 65, 31]
2196	[16, 44, 5, 47, 46]
2197	[47, 58, 19, 12, 16, 43]
2198	[14, 42, 49, 9, 13]
2199	[38, 15, 16, 14, 51, 37]
2200	[20, 3, 15, 50, 45, 19]
2201	[35, 17, 34]
2202	[19, 18, 38, 39]
2203	[12, 24, 11, 19, 25, 21]
2204	[53, 24, 52, 23, 18]
2205	[20, 5, 37, 42, 26]
2206	[7, 40, 6, 39]
2207	[4, 28, 26, 9, 43, 61]
2208	[58, 72, 26, 15, 66, 65, 32]
2209	[6, 4, 30, 47, 3]
2210	[5, 32, 39, 13]
2211	[21, 8, 9, 13, 6]
2212	[13, 5, 11]
2213	[8, 5, 37, 31]
2214	[11, 42, 41, 8, 10, 39]
2215	[37, 14, 43, 30]
2216	[18, 37, 13, 35]
2217	[14, 42, 39, 11, 13]
2218	[14, 17, 19, 9]
2219	[38, 15, 47, 10, 33, 1]
2220	[39, 10, 21, 4]
2221	[20, 19, 3, 14]
2222	[6, 7, 16, 11]
2223	[7, 1, 8]
2224	[25, 32, 9, 34]
2225	[45, 48, 47, 22, 21]
2226	[8, 7, 10, 6]
2227	[22, 28, 9]
2228	[57, 12, 24, 56, 60, 21]
2229	[39, 15, 8, 38]
2230	[12, 35, 6, 13, 34]
2231	[9, 5, 7, 13]
2232	[14, 36, 55, 16, 27]
2233	[6, 2]
2234	[6, 21]
2235	[16, 31, 44, 29, 59, 18]
2236	[45, 18, 51, 26, 25]
2237	[36, 1, 29, 43, 18]
2238	[5, 4, 34, 45, 6]
2239	[10, 5, 13]
2240	[34, 23, 1, 30]
2241	[48, 36, 33, 52, 41, 40]
2242	[26, 28, 18, 56, 54, 20]
2243	[25, 24, 26, 7, 8, 56]
2244	[24, 41, 22, 56, 21, 19]
2245	[8, 17]
2246	[11, 14, 9, 48, 24]
2247	[15, 37, 16, 22]
2248	[3, 21]
2249	[22, 19, 20, 40]
2250	[6, 10, 5]
2251	[22, 24, 16, 35, 23]
2252	[15, 40, 17, 42, 4]
2253	[10, 16, 13, 17, 40]
2254	[21, 47, 22, 48, 37]
2255	[56, 65, 51, 72, 16, 55, 27]
2256	[6, 42, 8, 40, 18, 52]
2257	[24, 15, 53, 51, 29, 52]
2258	[48, 46, 44, 43, 42]
2259	[16, 42, 37, 41]
2260	[9, 10, 27]
2261	[44, 18, 51, 7, 2, 20]
2262	[25, 11]
2263	[41, 11, 38, 2, 40]
2264	[43, 40, 10, 42, 13]
2265	[9, 20, 4, 17]
2266	[6, 5, 7]
2267	[20, 21, 24]
2268	[36, 15, 35, 14]
2269	[42, 16, 33, 22, 34]
2270	[37, 8, 9, 36]
2271	[18, 46, 44, 11, 43]
2272	[12, 36, 21, 43]
2273	[17, 4, 24, 8, 25, 9]
2274	[14, 41, 36, 32]
2275	[14, 39, 38, 13, 40]
2276	[19, 11, 18, 47, 23]
2277	[52, 53, 51, 50, 18]
2278	[27, 30, 44, 4, 19, 15]
2279	[21, 48, 62, 58, 12, 60, 23]
2280	[49, 29, 48, 15, 14]
2281	[20, 10, 57, 18, 11, 5, 48]
2282	[8, 23, 11]
2283	[7, 10, 19, 20]
2284	[17, 52, 19, 7, 18]
2285	[16, 38, 14, 19]
2286	[26, 62, 63, 17, 27, 53]
2287	[24, 27, 26]
2288	[33, 43, 36, 4, 14]
2289	[12, 9, 14]
2290	[5, 32, 41, 31, 4]
2291	[15, 16, 41, 21, 18]
2292	[20, 33, 21]
2293	[11, 51, 9, 50, 13]
2294	[59, 55, 47, 25, 24, 56]
2295	[50, 51, 25, 30, 24, 55, 29, 68]
2296	[64, 57, 63, 29, 47, 23, 13]
2297	[3, 30, 16, 1]
2298	[4, 21, 8]
2299	[53, 25, 20, 28, 24, 12]
2300	[20, 56, 46, 49, 13, 10, 55]
2301	[18, 19]
2302	[5, 18, 15, 4]
2303	[43, 9, 15, 44, 23]
2304	[38, 45, 14, 7, 39]
2305	[35, 26, 9]
2306	[49, 40, 48, 36, 14]
2307	[1, 7, 23, 25]
2308	[19, 10, 32, 3, 4]
2309	[4, 16, 27, 28]
2310	[39, 13, 40, 36, 51]
2311	[15, 13, 29]
2312	[7, 28, 26, 10, 12]
2313	[46, 47, 15, 50, 14]
2314	[16, 46, 47, 15, 5]
2315	[52, 19, 44, 9, 53, 11]
2316	[4, 26, 5, 14]
2317	[10, 12, 38, 43, 15]
2318	[62, 27, 43, 65, 22, 61]
2319	[17, 55, 38, 36, 7]
2320	[14, 38, 51, 22, 23]
2321	[14, 5, 24, 7]
2322	[5, 2, 32, 29, 3]
2323	[20, 55, 51, 50, 44, 18, 53]
2324	[6, 17, 18, 5, 23]
2325	[28, 23, 22, 5, 8]
2326	[20, 10, 28]
2327	[19, 42, 28, 40]
2328	[15, 45, 7, 44, 64, 14]
2329	[31, 49, 19, 16, 33]
2330	[10, 23, 26, 6, 63, 47]
2331	[22, 12, 28, 3]
2332	[14, 64, 67, 66, 25, 5, 15]
2333	[25, 15, 49, 16, 11]
2334	[12, 1]
2335	[5, 26, 20]
2336	[13, 19, 38, 42]
2337	[12, 57, 58, 33, 46, 54]
2338	[60, 59, 3, 26, 5, 1]
2339	[12, 40, 37, 45, 44]
2340	[3, 21, 17]
2341	[3, 2, 1, 25]
2342	[19, 33, 40, 34]
2343	[48, 12, 42, 43, 13]
2344	[13, 11, 9, 52, 12, 2]
2345	[39, 12, 14, 11]
2346	[18, 8, 27, 2, 40]
2347	[36, 8, 43, 7, 44]
2348	[45, 52, 46, 44, 35]
2349	[24, 40, 23, 5, 9, 7]
2350	[37, 6, 26, 14]
2351	[11, 31, 24, 9]
2352	[8, 9, 40, 15, 7, 41]
2353	[34, 8, 7, 30]
2354	[41, 35, 21, 9]
2355	[15, 43, 16, 44, 17]
2356	[6, 28, 8]
2357	[64, 66, 47, 65, 17, 61, 20]
2358	[9, 13, 52, 24, 16]
2359	[71, 17, 59, 52, 15, 57, 9]
2360	[20, 46, 10, 36, 14, 19]
2361	[14, 44, 15, 45, 3, 16]
2362	[22, 2, 25, 12, 16]
2363	[4, 14]
2364	[12, 36, 4, 37]
2365	[9, 10, 11, 32, 34]
2366	[22, 55, 56, 27, 60, 31, 64]
2367	[3, 26, 4, 41]
2368	[62, 30, 65, 33, 63, 31, 23]
2369	[12, 16, 18, 42]
2370	[20, 22, 51, 14, 56, 53]
2371	[20, 21, 53, 50, 23, 51]
2372	[28, 2, 1, 33]
2373	[12, 11, 3]
2374	[27, 6, 8]
2375	[8, 13, 16, 4]
2376	[34, 23, 45, 11, 17]
2377	[4, 36, 2, 30]
2378	[14, 47, 20, 19, 7]
2379	[13, 18, 29, 12]
2380	[35, 46, 30, 44, 9]
2381	[22, 1, 2, 32]
2382	[12, 5, 39, 17]
2383	[15, 30, 24, 34]
2384	[49, 51, 1, 44, 39, 53, 56]
2385	[6, 24, 5]
2386	[8, 7, 32]
2387	[46, 48, 22, 50, 45]
2388	[5, 13, 15, 16]
2389	[20, 21, 2]
2390	[52, 47, 16, 28, 46]
2391	[34, 11, 33]
2392	[26, 52, 42, 11, 25]
2393	[3, 31, 5, 33, 30]
2394	[42, 11, 46, 21, 23]
2395	[14, 4, 27, 5]
2396	[23, 24, 26, 25]
2397	[48, 38, 20, 53, 40]
2398	[15, 8]
2399	[7, 6, 10, 14]
2400	[46, 26, 10, 33, 5, 24]
2401	[25, 5, 13]
2402	[27, 12, 23, 8]
2403	[8, 18]
2404	[54, 38, 23, 9, 28, 10]
2405	[3, 4, 32, 46, 34, 30]
2406	[18, 6]
2407	[11, 54, 23, 41, 40, 24]
2408	[2, 1, 32, 31, 45]
2409	[20, 48, 17, 14, 45]
2410	[11, 2, 19, 10, 33]
2411	[52, 19, 54, 49, 16, 59]
2412	[23, 7, 10]
2413	[40, 7, 4, 51, 39]
2414	[11, 36, 32, 33]
2415	[10, 11, 41, 37]
2416	[6, 28, 9]
2417	[10, 38, 9, 22]
2418	[23, 27, 49, 55, 51, 38]
2419	[13, 16, 44, 15, 33, 6]
2420	[33, 32, 34, 5, 37]
2421	[24, 23, 40, 12]
2422	[9, 6, 2, 7]
2423	[7, 21, 32, 40, 13]
2424	[8, 18, 11, 9, 16]
2425	[15, 17, 21, 14]
2426	[16, 22, 19, 18, 8]
2427	[8, 22, 15]
2428	[32, 5, 37, 13]
2429	[41, 8, 46, 47, 42, 48, 9]
2430	[18, 17, 41, 42]
2431	[10, 23, 11, 24, 51, 9]
2432	[50, 11, 22, 37, 12]
2433	[12, 11, 5, 13]
2434	[15, 2, 23, 24, 30]
2435	[7, 46, 5, 8, 39]
2436	[36, 33, 23, 13]
2437	[60, 26, 66, 63, 32, 29, 64]
2438	[44, 19, 20, 11]
2439	[24, 47, 48, 25, 11]
2440	[24, 57, 45, 20, 35, 19]
2441	[38, 39, 48, 49, 2, 3]
2442	[27, 26, 2, 16]
2443	[14, 41, 35, 33]
2444	[43, 3, 38, 42, 41]
2445	[33, 10, 13, 36]
2446	[46, 72, 57, 66, 24, 67, 52]
2447	[37, 39, 36, 35]
2448	[18, 54, 23, 44, 63, 3]
2449	[30, 41, 13, 42, 38]
2450	[11, 7, 15]
2451	[16, 5, 1]
2452	[46, 2, 13, 34, 41, 44]
2453	[13, 47, 42, 44, 18, 39]
2454	[7, 28, 9]
2455	[41, 17, 1, 28, 30]
2456	[45, 44, 43, 9, 40]
2457	[37, 39, 12, 13]
2458	[48, 19, 47, 50, 11]
2459	[7, 34, 47, 35, 45]
2460	[53, 49, 14, 55, 45, 20, 10]
2461	[21, 14, 46, 51, 17, 47]
2462	[23, 52, 24, 25, 53, 54]
2463	[26, 39, 2, 22]
2464	[34, 37, 22, 21]
2465	[2, 45, 49, 50, 29, 71, 4]
2466	[32, 22, 24, 5, 54, 34]
2467	[38, 6, 10, 30]
2468	[6, 7, 29, 23, 42]
2469	[35, 71, 6, 73, 72, 65, 11]
2470	[15, 27, 9]
2471	[12, 9, 42, 17, 2]
2472	[17, 49, 51, 50, 16, 18]
2473	[14, 12, 24]
2474	[2, 35, 18, 3, 26]
2475	[53, 52, 51, 15, 22, 17]
2476	[32, 30, 41, 48, 28]
2477	[18, 31, 39, 10]
2478	[37, 47, 40, 8, 45]
2479	[53, 13, 14, 36, 1, 34, 3]
2480	[53, 17, 24, 26, 47, 56]
2481	[30, 29, 9, 8]
2482	[26, 11, 36]
2483	[7, 6, 25]
2484	[46, 51, 23, 12, 18, 7]
2485	[43, 29, 17, 45, 23, 21]
2486	[36, 41, 32, 22]
2487	[34, 31, 33, 30]
2488	[9, 10, 43, 23, 42, 66]
2489	[21, 15, 17, 59, 55, 26, 65]
2490	[5, 26, 4, 25]
2491	[27, 9, 10]
2492	[22, 21, 45, 44]
2493	[5, 12, 39, 6, 42]
2494	[49, 19, 9, 10, 21, 18]
2495	[3, 5, 16, 34]
2496	[20, 17]
2497	[18, 37, 9, 12]
2498	[53, 40, 13, 34, 30]
2499	[49, 21, 19, 47, 53]
2500	[20, 14, 21, 11, 43, 47]
2501	[13, 12, 45, 20, 9]
2502	[11, 38, 8, 35, 16]
2503	[50, 14, 56, 3, 11, 13]
2504	[5, 32, 35]
2505	[17, 35, 34, 40]
2506	[22, 19, 24, 18, 34]
2507	[50, 15, 11, 47, 12]
2508	[33, 11, 37, 15, 19]
2509	[10, 9, 32]
2510	[4, 38, 11, 31, 48]
2511	[28, 15, 18, 16]
2512	[14, 27, 57, 25, 70, 62, 40]
2513	[19, 41, 49, 51, 25]
2514	[6, 39, 19, 48, 40, 14]
2515	[74, 57, 16, 88, 58, 45, 75, 12, 29]
2516	[31, 42, 45, 29, 49, 5]
2517	[13, 7, 15, 14, 3, 5]
2518	[49, 51, 62, 16, 14, 57, 59]
2519	[31, 38, 24, 45, 15]
2520	[18, 54, 48, 14, 35]
2521	[14, 12, 46, 47, 35]
2522	[43, 15, 32, 17, 46]
2523	[22, 37, 5, 12]
2524	[4, 20]
2525	[44, 17, 52, 53, 64, 18]
2526	[16, 6, 53, 42, 46, 50]
2527	[12, 35, 39, 7, 14]
2528	[7, 13, 9]
2529	[25, 54, 26, 24, 55]
2530	[1, 11, 56, 60, 62, 40]
2531	[50, 55, 41, 19, 45, 26]
2532	[48, 46, 15, 51, 13, 59]
2533	[17, 6]
2534	[16, 17, 44, 37, 46]
2535	[21, 18, 19, 6, 52, 50]
2536	[4, 22, 2]
2537	[27, 5, 8]
2538	[24, 58, 26, 56, 30, 29, 20]
2539	[25, 32, 4]
2540	[48, 22, 16, 54, 14, 28]
2541	[14, 53, 64, 16, 23, 63]
2542	[34, 35, 42, 41]
2543	[20, 56, 19, 21, 57, 55, 54]
2544	[9, 36, 31, 5, 37]
2545	[7, 27, 19, 3]
2546	[33, 17, 8, 39]
2547	[50, 21, 22, 49, 23, 20]
2548	[44, 46, 8, 10, 21, 43, 68]
2549	[7, 4, 6, 17, 18]
2550	[69, 46, 16, 8, 52, 63, 28]
2551	[2, 16]
2552	[10, 6, 22, 20]
2553	[6, 22, 5]
2554	[8, 3, 24, 33, 5, 4]
2555	[45, 15, 44, 7, 58, 17, 66]
2556	[30, 3, 5, 31, 6]
2557	[22, 31, 10, 4, 37]
2558	[43, 31, 12, 42]
2559	[3, 11, 9, 30, 38]
2560	[7, 8, 32, 31, 19]
2561	[20, 53, 16, 19, 17, 49]
2562	[45, 35, 42, 34, 47]
2563	[33, 4, 27, 26]
2564	[19, 46, 47, 20, 42]
2565	[48, 26, 23, 6, 45]
2566	[11, 38, 9, 5, 36]
2567	[31, 11, 47, 39, 48]
2568	[54, 16, 23, 53, 17, 61]
2569	[10, 12, 36, 13, 45]
2570	[37, 38, 6, 8, 3]
2571	[13, 6, 28]
2572	[15, 16, 27, 55, 46]
2573	[40, 38, 41, 15, 11]
2574	[12, 6]
